epoch,batch_loss
1,10.180586814880371
1,10.147476196289062
1,10.081360816955566
1,9.889466285705566
1,9.232211112976074
1,8.338248252868652
1,7.701625823974609
1,7.336958408355713
1,7.189213275909424
1,7.059276103973389
1,6.9753828048706055
1,6.981518268585205
1,7.043522834777832
1,7.092904567718506
1,7.130683898925781
1,7.012914180755615
1,7.090087413787842
1,7.198736190795898
1,7.096539497375488
1,7.041261672973633
1,7.144133567810059
1,6.85753059387207
1,7.06024169921875
1,7.122553825378418
1,7.0441813468933105
1,7.026094436645508
1,7.0227885246276855
1,7.032658100128174
1,7.091789722442627
1,7.039387226104736
1,7.011275291442871
1,7.014501571655273
1,6.945099353790283
1,6.915365219116211
1,7.000389575958252
1,7.008941650390625
1,6.910791397094727
1,6.9517059326171875
1,6.914435863494873
1,6.837655544281006
1,6.964008331298828
1,6.815293788909912
1,6.921534538269043
1,6.837733268737793
1,6.820078372955322
1,6.868134021759033
1,6.922384738922119
1,6.805872440338135
1,6.856504917144775
1,6.893820285797119
1,6.944111347198486
1,6.86311674118042
1,6.885198593139648
1,6.851264476776123
1,6.869998455047607
1,6.7507853507995605
1,6.854388236999512
1,6.858856678009033
1,6.808105945587158
1,6.822519779205322
1,6.8470458984375
1,6.879264831542969
1,6.8681111335754395
1,6.798207759857178
1,6.715880393981934
1,6.936911582946777
1,6.840431213378906
1,6.864753246307373
1,6.8175835609436035
1,6.886213302612305
1,6.790579319000244
1,6.8373799324035645
1,6.814082622528076
1,6.8089118003845215
1,6.761523246765137
1,6.796774387359619
1,6.766637802124023
1,6.832833290100098
1,6.768218994140625
1,6.732245445251465
1,6.762719631195068
1,6.805474281311035
1,6.871463775634766
1,6.745689868927002
1,6.802180290222168
1,6.792232990264893
1,6.773068904876709
1,6.815156936645508
1,6.787370204925537
1,6.765049934387207
1,6.7654128074646
1,6.819447994232178
1,6.802493572235107
1,6.783224582672119
1,6.7333664894104
1,6.8215789794921875
1,6.729671478271484
1,6.811850547790527
1,6.759973049163818
1,6.714521408081055
1,6.75736665725708
1,6.786605358123779
1,6.715367794036865
1,6.813687801361084
1,6.789967060089111
1,6.773082256317139
1,6.769256591796875
1,6.778985023498535
1,6.759085178375244
1,6.915142059326172
1,6.659798622131348
1,6.773342609405518
1,6.757758617401123
1,6.782773494720459
1,6.686183452606201
1,6.71297550201416
1,6.800607681274414
1,6.670303821563721
1,6.77126407623291
1,6.692837715148926
1,6.7738728523254395
1,6.778435707092285
1,6.763531684875488
1,6.87770414352417
1,6.7533698081970215
1,6.705973148345947
1,6.833730697631836
1,6.78281307220459
1,6.798767566680908
1,6.825175762176514
1,6.739744186401367
1,6.743252754211426
1,6.690902233123779
1,6.808740139007568
1,6.733526706695557
1,6.6804280281066895
1,6.845200061798096
1,6.700240612030029
1,6.751459121704102
1,6.7740092277526855
1,6.731200695037842
1,6.792606353759766
1,6.707338333129883
1,6.649916172027588
1,6.651541233062744
1,6.734770774841309
1,6.716626167297363
1,6.777702331542969
1,6.697147369384766
1,6.942314624786377
1,6.702911853790283
1,6.706767559051514
1,6.757713317871094
1,6.826439380645752
1,6.753564834594727
1,6.6385931968688965
1,6.70717716217041
1,6.766267776489258
1,6.772951602935791
1,6.680751800537109
1,6.703467845916748
1,6.662656784057617
1,6.623342990875244
1,6.695828914642334
1,6.72110652923584
1,6.698946475982666
1,6.717677593231201
1,6.650618553161621
1,6.709084510803223
1,6.770694255828857
1,6.669829368591309
1,6.640206336975098
1,6.713085651397705
1,6.704792499542236
1,6.660867214202881
1,6.644721031188965
1,6.689533710479736
1,6.669250965118408
1,6.684180736541748
1,6.713518142700195
1,6.741955280303955
1,6.701114654541016
1,6.730397701263428
1,6.598968029022217
1,6.582026481628418
1,6.6433329582214355
1,6.705020427703857
1,6.6534295082092285
1,6.573164463043213
1,6.6563334465026855
1,6.678456783294678
1,6.647136688232422
1,6.723512649536133
1,6.618612289428711
1,6.644026756286621
1,6.718291759490967
1,6.613988399505615
1,6.6071248054504395
1,6.593552112579346
1,6.643046855926514
1,6.632260799407959
1,6.660913467407227
1,6.693485736846924
1,6.620932102203369
1,6.597494125366211
1,6.718665599822998
1,6.634149074554443
1,6.698358058929443
1,6.623228549957275
1,6.659996032714844
1,6.654067516326904
1,6.563074588775635
1,6.698727130889893
1,6.679985523223877
1,6.607706069946289
1,6.6623663902282715
1,6.648367404937744
1,6.56631326675415
1,6.516280174255371
1,6.663975715637207
1,6.623964309692383
1,6.646285533905029
1,6.648313522338867
1,6.70144510269165
1,6.661172389984131
1,6.632734298706055
1,6.541035175323486
1,6.575097560882568
1,6.705146789550781
1,6.631643772125244
1,6.614139080047607
1,6.533539772033691
1,6.590843200683594
1,6.759697914123535
1,6.706814289093018
1,6.543679237365723
1,6.658671855926514
1,6.567756652832031
1,6.551153659820557
1,6.597515106201172
1,6.657582759857178
1,6.55883264541626
1,6.601353645324707
1,6.651340007781982
1,6.654913902282715
1,6.630293846130371
1,6.6552886962890625
1,6.616277694702148
1,6.590200901031494
1,6.587287902832031
1,6.538591384887695
1,6.604161262512207
1,6.629819393157959
1,6.508144378662109
1,6.6390461921691895
1,6.593039512634277
1,6.632506370544434
1,6.666189193725586
1,6.570457458496094
1,6.659305572509766
1,6.638294696807861
1,6.621663570404053
1,6.690636157989502
1,6.681839466094971
1,6.560422420501709
1,6.5649518966674805
1,6.5369181632995605
1,6.538543701171875
1,6.501971244812012
1,6.534078598022461
1,6.61033821105957
1,6.568264961242676
1,6.571549415588379
1,6.6085076332092285
1,6.554829120635986
1,6.568077087402344
1,6.5807952880859375
1,6.678349018096924
1,6.588860034942627
1,6.683002948760986
1,6.606122970581055
1,6.60310173034668
1,6.5987677574157715
1,6.574378490447998
1,6.525160312652588
1,6.595424652099609
1,6.608407497406006
1,6.645051002502441
1,6.59119176864624
1,6.5770487785339355
1,6.623391151428223
1,6.572427749633789
1,6.555515289306641
1,6.600432395935059
1,6.617118835449219
1,6.633691310882568
1,6.621142864227295
1,6.497755527496338
1,6.54434871673584
1,6.5173020362854
1,6.577507495880127
1,6.530290126800537
1,6.585573196411133
1,6.557174205780029
1,6.570773124694824
1,6.611031532287598
1,6.594882965087891
1,6.594362735748291
1,6.592024326324463
1,6.542596817016602
1,6.59377908706665
1,6.5156331062316895
1,6.590756416320801
1,6.537313938140869
1,6.699065685272217
1,6.576603889465332
1,6.536077499389648
1,6.567875862121582
1,6.521801471710205
1,6.4970598220825195
1,6.58071231842041
1,6.507445812225342
1,6.584453105926514
1,6.537406921386719
1,6.499174118041992
1,6.566127777099609
1,6.565162658691406
1,6.511879920959473
1,6.452850818634033
1,6.491055488586426
1,6.508478164672852
1,6.555202960968018
1,6.519867420196533
1,6.658501625061035
1,6.452212810516357
1,6.564032077789307
1,6.5656280517578125
1,6.5317840576171875
1,6.533022403717041
1,6.531451225280762
1,6.498703479766846
1,6.590163707733154
1,6.526706695556641
1,6.5687031745910645
1,6.497542858123779
1,6.484934329986572
1,6.580211162567139
1,6.451723098754883
1,6.540033340454102
1,6.502723693847656
1,6.453943252563477
1,6.589990139007568
1,6.509015083312988
1,6.511385440826416
1,6.51092529296875
1,6.527632713317871
1,6.434847831726074
1,6.449650287628174
1,6.529443264007568
1,6.60978364944458
1,6.4717488288879395
1,6.487931251525879
1,6.50849723815918
1,6.454277992248535
1,6.531399250030518
1,6.394654273986816
1,6.430972099304199
1,6.473958969116211
1,6.453099250793457
1,6.530241966247559
1,6.436052322387695
1,6.4894232749938965
2,6.3377861976623535
2,6.346147537231445
2,6.2666015625
2,6.492018699645996
2,6.360883712768555
2,6.454843044281006
2,6.3896942138671875
2,6.418191909790039
2,6.35736083984375
2,6.383738994598389
2,6.412262439727783
2,6.341064453125
2,6.360152721405029
2,6.481075286865234
2,6.359564304351807
2,6.38482141494751
2,6.409203052520752
2,6.458817481994629
2,6.315356254577637
2,6.371983528137207
2,6.326065540313721
2,6.352673053741455
2,6.4195098876953125
2,6.407986640930176
2,6.406362533569336
2,6.366811752319336
2,6.34490966796875
2,6.363953113555908
2,6.355083465576172
2,6.380033016204834
2,6.3436150550842285
2,6.434813499450684
2,6.4314866065979
2,6.352597236633301
2,6.406344890594482
2,6.4333343505859375
2,6.426526069641113
2,6.438643455505371
2,6.433426856994629
2,6.317464828491211
2,6.3750200271606445
2,6.42061185836792
2,6.450179100036621
2,6.397947788238525
2,6.365225315093994
2,6.432923316955566
2,6.374046802520752
2,6.3608880043029785
2,6.286457061767578
2,6.341302871704102
2,6.327927112579346
2,6.336256980895996
2,6.362243175506592
2,6.329565048217773
2,6.437643527984619
2,6.3114142417907715
2,6.4015936851501465
2,6.311526298522949
2,6.390667915344238
2,6.350791931152344
2,6.365531921386719
2,6.4369401931762695
2,6.355588912963867
2,6.353586196899414
2,6.329890251159668
2,6.373053550720215
2,6.310659885406494
2,6.3971710205078125
2,6.372666835784912
2,6.372586250305176
2,6.324779510498047
2,6.431271076202393
2,6.332306385040283
2,6.422470569610596
2,6.342726707458496
2,6.435375690460205
2,6.243710041046143
2,6.316088676452637
2,6.404377460479736
2,6.355296611785889
2,6.279007911682129
2,6.353646278381348
2,6.381364345550537
2,6.336177825927734
2,6.418863773345947
2,6.352330207824707
2,6.310173034667969
2,6.2584228515625
2,6.274312973022461
2,6.330765247344971
2,6.391914367675781
2,6.238943576812744
2,6.260118007659912
2,6.2955193519592285
2,6.244499683380127
2,6.3179030418396
2,6.348835468292236
2,6.296960353851318
2,6.248262405395508
2,6.3308515548706055
2,6.351966857910156
2,6.330043792724609
2,6.295205593109131
2,6.253998756408691
2,6.189166069030762
2,6.306456089019775
2,6.343600749969482
2,6.3245158195495605
2,6.394427299499512
2,6.2757248878479
2,6.25992488861084
2,6.277628421783447
2,6.410968780517578
2,6.287351608276367
2,6.274081707000732
2,6.3139214515686035
2,6.283425807952881
2,6.322278022766113
2,6.2381768226623535
2,6.288135528564453
2,6.2452168464660645
2,6.301128387451172
2,6.21890115737915
2,6.34173059463501
2,6.3070220947265625
2,6.344461441040039
2,6.253122806549072
2,6.210641384124756
2,6.271506309509277
2,6.196707248687744
2,6.252252101898193
2,6.29890251159668
2,6.263157367706299
2,6.27001953125
2,6.236724853515625
2,6.3706769943237305
2,6.150768280029297
2,6.185854911804199
2,6.265686988830566
2,6.313472747802734
2,6.216197490692139
2,6.155332088470459
2,6.23383903503418
2,6.346153259277344
2,6.220585823059082
2,6.17270040512085
2,6.2633209228515625
2,6.217103004455566
2,6.230299949645996
2,6.168613910675049
2,6.339023590087891
2,6.323647499084473
2,6.208097457885742
2,6.288906097412109
2,6.2104082107543945
2,6.287899971008301
2,6.2609052658081055
2,6.207178115844727
2,6.158517837524414
2,6.261774063110352
2,6.1358537673950195
2,6.1789703369140625
2,6.219830513000488
2,6.3048272132873535
2,6.250403881072998
2,6.294187068939209
2,6.260826110839844
2,6.178868770599365
2,6.1858391761779785
2,6.262717247009277
2,6.083388328552246
2,6.167077541351318
2,6.26217794418335
2,6.133813858032227
2,6.1349992752075195
2,6.21746301651001
2,6.186268329620361
2,6.155243873596191
2,6.187617778778076
2,6.192455768585205
2,6.234718322753906
2,6.088379859924316
2,6.206381320953369
2,6.163066387176514
2,6.262117385864258
2,6.19190788269043
2,6.118309497833252
2,6.243139266967773
2,6.340277194976807
2,6.190377712249756
2,6.142157077789307
2,6.252997875213623
2,6.115319728851318
2,6.230963230133057
2,6.148435592651367
2,6.152889251708984
2,6.127359390258789
2,6.176702976226807
2,6.066265106201172
2,6.097695350646973
2,6.198792457580566
2,6.128235340118408
2,6.1592326164245605
2,6.190399646759033
2,6.200010299682617
2,6.197243690490723
2,6.196798801422119
2,6.113366603851318
2,6.106846809387207
2,6.12640380859375
2,6.093877792358398
2,6.057305335998535
2,6.14495325088501
2,6.14588737487793
2,6.162095069885254
2,6.11331033706665
2,6.136364459991455
2,6.072595596313477
2,6.049871921539307
2,6.183084964752197
2,6.124957084655762
2,6.083843231201172
2,6.167325496673584
2,6.213982105255127
2,6.168605327606201
2,6.118985176086426
2,6.175626754760742
2,6.144748210906982
2,6.064875602722168
2,6.119264602661133
2,6.175768852233887
2,6.166285991668701
2,6.0417399406433105
2,6.175976753234863
2,6.079831600189209
2,6.179681301116943
2,6.080363750457764
2,6.095981597900391
2,6.1485114097595215
2,6.082517147064209
2,6.158884525299072
2,6.164849758148193
2,6.138769149780273
2,6.112657070159912
2,6.060151100158691
2,6.156015396118164
2,6.110235691070557
2,6.156550407409668
2,6.187844753265381
2,6.096310615539551
2,6.1088714599609375
2,6.063420295715332
2,6.010202884674072
2,6.105429649353027
2,6.140871524810791
2,6.107846260070801
2,6.043566703796387
2,6.019073963165283
2,5.985835075378418
2,6.072227954864502
2,5.890964031219482
2,6.030969142913818
2,6.107610702514648
2,6.05382776260376
2,6.165705680847168
2,6.012609481811523
2,6.067534446716309
2,6.016775131225586
2,5.992733478546143
2,6.069309234619141
2,5.969508171081543
2,6.0741987228393555
2,6.000364780426025
2,5.971602439880371
2,5.908981800079346
2,6.073568344116211
2,6.046231269836426
2,6.038439750671387
2,6.079379081726074
2,6.0578694343566895
2,6.025460243225098
2,5.9846696853637695
2,6.00108003616333
2,5.855229377746582
2,6.03661584854126
2,6.038856029510498
2,6.136996746063232
2,5.982831001281738
2,6.064647674560547
2,6.112460613250732
2,5.977240562438965
2,6.076720714569092
2,5.960521221160889
2,5.970148086547852
2,5.962586879730225
2,6.067094326019287
2,6.075281620025635
2,6.012232303619385
2,5.88357400894165
2,5.97103214263916
2,6.010847568511963
2,6.016505241394043
2,5.952880859375
2,5.936332702636719
2,5.917939186096191
2,6.073887825012207
2,6.003934860229492
2,6.060947895050049
2,5.961451053619385
2,5.9503631591796875
2,6.016727924346924
2,5.9628729820251465
2,5.974856853485107
2,6.026416778564453
2,6.007394313812256
2,5.936281681060791
2,5.934018135070801
2,6.052684307098389
2,5.886035919189453
2,5.889753341674805
2,5.947105884552002
2,6.0341620445251465
2,5.896255970001221
2,6.065141677856445
2,5.960740566253662
2,5.869896411895752
2,5.871013164520264
2,6.016845226287842
2,5.8308305740356445
2,5.922938823699951
2,5.931793212890625
2,5.994751453399658
2,5.874979019165039
2,5.859986782073975
2,5.885254383087158
2,5.978004455566406
2,6.014642238616943
2,5.949296474456787
2,5.937830448150635
2,5.906003475189209
2,5.885558605194092
2,5.843896865844727
2,5.794771671295166
2,5.884397983551025
2,5.927696704864502
2,5.93739128112793
2,5.778591632843018
2,5.873374938964844
2,5.961508274078369
2,5.896919250488281
2,6.004812717437744
2,5.844027519226074
2,5.873170375823975
2,5.811351299285889
2,5.8395466804504395
2,5.928213596343994
2,5.899756908416748
2,5.98651123046875
2,5.859219074249268
2,5.790140628814697
2,5.907673358917236
2,5.900259971618652
2,5.839154243469238
2,5.86508321762085
2,5.77235746383667
2,5.882140636444092
2,5.764846324920654
2,5.89280366897583
2,5.897380828857422
2,5.840419292449951
2,5.879434585571289
2,5.789085865020752
3,5.755548000335693
3,5.68873405456543
3,5.80895471572876
3,5.871270656585693
3,5.7825775146484375
3,5.687963485717773
3,5.773340225219727
3,5.793630123138428
3,5.788286209106445
3,5.667668342590332
3,5.671260833740234
3,5.713630199432373
3,5.708555698394775
3,5.721006393432617
3,5.80019998550415
3,5.740546226501465
3,5.728861331939697
3,5.612301826477051
3,5.786509037017822
3,5.705470085144043
3,5.7168049812316895
3,5.733031749725342
3,5.719152927398682
3,5.784818172454834
3,5.64539098739624
3,5.756371974945068
3,5.758314609527588
3,5.734337329864502
3,5.817694187164307
3,5.817854881286621
3,5.778974533081055
3,5.665997505187988
3,5.713325023651123
3,5.754873275756836
3,5.7128729820251465
3,5.67660665512085
3,5.68198299407959
3,5.642839431762695
3,5.7475175857543945
3,5.802608489990234
3,5.778036594390869
3,5.736998081207275
3,5.702911853790283
3,5.63556432723999
3,5.833792209625244
3,5.737264156341553
3,5.755565166473389
3,5.728036403656006
3,5.657255172729492
3,5.698224067687988
3,5.691119194030762
3,5.661280632019043
3,5.664088249206543
3,5.6357903480529785
3,5.5921406745910645
3,5.64654541015625
3,5.673951148986816
3,5.628065586090088
3,5.541991710662842
3,5.678812503814697
3,5.502208709716797
3,5.621092319488525
3,5.635995864868164
3,5.641419410705566
3,5.755184173583984
3,5.607494831085205
3,5.738078594207764
3,5.730668067932129
3,5.617772102355957
3,5.6187520027160645
3,5.628715991973877
3,5.592174053192139
3,5.639167785644531
3,5.692152500152588
3,5.634462833404541
3,5.63542366027832
3,5.644012928009033
3,5.564120292663574
3,5.732223033905029
3,5.675405502319336
3,5.590100288391113
3,5.5648698806762695
3,5.741567134857178
3,5.581654071807861
3,5.72432804107666
3,5.646257400512695
3,5.670986652374268
3,5.63884973526001
3,5.7441253662109375
3,5.5529632568359375
3,5.641569137573242
3,5.554358959197998
3,5.6233811378479
3,5.5490217208862305
3,5.6099748611450195
3,5.580870628356934
3,5.647883415222168
3,5.527325630187988
3,5.558231353759766
3,5.767704963684082
3,5.59577751159668
3,5.626609802246094
3,5.633124351501465
3,5.618309497833252
3,5.543961048126221
3,5.688482761383057
3,5.673398494720459
3,5.570194721221924
3,5.477126598358154
3,5.507082939147949
3,5.574747562408447
3,5.647769927978516
3,5.649048328399658
3,5.58668327331543
3,5.683901786804199
3,5.651064872741699
3,5.57388973236084
3,5.635115146636963
3,5.599880218505859
3,5.585400104522705
3,5.540210247039795
3,5.555520057678223
3,5.540747165679932
3,5.613699436187744
3,5.537558555603027
3,5.518214702606201
3,5.5444746017456055
3,5.462642192840576
3,5.598974227905273
3,5.638361930847168
3,5.5851826667785645
3,5.523996829986572
3,5.670650482177734
3,5.575745582580566
3,5.566917896270752
3,5.5015130043029785
3,5.565249443054199
3,5.5158281326293945
3,5.538635730743408
3,5.482913494110107
3,5.585242748260498
3,5.541596412658691
3,5.629101276397705
3,5.422677516937256
3,5.459987163543701
3,5.406769275665283
3,5.6275835037231445
3,5.479631423950195
3,5.591602325439453
3,5.435483455657959
3,5.5004706382751465
3,5.575754642486572
3,5.530941963195801
3,5.55122709274292
3,5.565528869628906
3,5.521928787231445
3,5.62309455871582
3,5.592800140380859
3,5.5948028564453125
3,5.546081066131592
3,5.4839324951171875
3,5.486516952514648
3,5.532031536102295
3,5.448235511779785
3,5.510575294494629
3,5.39659309387207
3,5.642666816711426
3,5.544973850250244
3,5.471555233001709
3,5.414897441864014
3,5.633005142211914
3,5.451399803161621
3,5.555670738220215
3,5.488946914672852
3,5.501230239868164
3,5.475948333740234
3,5.485879898071289
3,5.482193946838379
3,5.429920673370361
3,5.394021511077881
3,5.450325965881348
3,5.482213973999023
3,5.310451984405518
3,5.443737506866455
3,5.423300743103027
3,5.530250549316406
3,5.546726226806641
3,5.475536823272705
3,5.4953999519348145
3,5.546749591827393
3,5.396923542022705
3,5.457014083862305
3,5.541182041168213
3,5.381486892700195
3,5.417429447174072
3,5.459473133087158
3,5.4792070388793945
3,5.545025825500488
3,5.526981830596924
3,5.451637268066406
3,5.388271808624268
3,5.4185357093811035
3,5.4522013664245605
3,5.456695556640625
3,5.4528279304504395
3,5.397671699523926
3,5.494130611419678
3,5.504734992980957
3,5.557075023651123
3,5.338566303253174
3,5.431883811950684
3,5.414541244506836
3,5.459400177001953
3,5.487722396850586
3,5.58206844329834
3,5.330920219421387
3,5.562270641326904
3,5.471360206604004
3,5.380571365356445
3,5.380465507507324
3,5.294022083282471
3,5.454545021057129
3,5.2955451011657715
3,5.424123287200928
3,5.422955513000488
3,5.333860874176025
3,5.48643159866333
3,5.302086353302002
3,5.344736576080322
3,5.365402698516846
3,5.38758659362793
3,5.363406181335449
3,5.342704772949219
3,5.484443187713623
3,5.518481731414795
3,5.320106506347656
3,5.316769123077393
3,5.3705854415893555
3,5.237678050994873
3,5.345859050750732
3,5.46923828125
3,5.280117988586426
3,5.352433204650879
3,5.310140609741211
3,5.317309379577637
3,5.3913469314575195
3,5.333759307861328
3,5.37769889831543
3,5.42061710357666
3,5.26758337020874
3,5.458291053771973
3,5.426445960998535
3,5.325997829437256
3,5.371888160705566
3,5.306397438049316
3,5.401210308074951
3,5.34438943862915
3,5.345401763916016
3,5.329488754272461
3,5.391715049743652
3,5.373334884643555
3,5.367285251617432
3,5.325129985809326
3,5.461452960968018
3,5.466264724731445
3,5.370883941650391
3,5.256968975067139
3,5.307342529296875
3,5.353572368621826
3,5.336697578430176
3,5.230123996734619
3,5.349512577056885
3,5.328183174133301
3,5.343014717102051
3,5.330104827880859
3,5.343020439147949
3,5.242187976837158
3,5.243391036987305
3,5.303192615509033
3,5.360385894775391
3,5.298165798187256
3,5.355038166046143
3,5.332357406616211
3,5.285201072692871
3,5.324615478515625
3,5.264128684997559
3,5.283780574798584
3,5.313821792602539
3,5.375844955444336
3,5.368780136108398
3,5.334089756011963
3,5.290163040161133
3,5.365062713623047
3,5.305325031280518
3,5.403645992279053
3,5.241225242614746
3,5.291281223297119
3,5.170446395874023
3,5.317033767700195
3,5.301479339599609
3,5.272369861602783
3,5.226190567016602
3,5.3011298179626465
3,5.222686290740967
3,5.280281066894531
3,5.346408367156982
3,5.21560001373291
3,5.221154689788818
3,5.2711710929870605
3,5.172573566436768
3,5.242944240570068
3,5.303951263427734
3,5.188464164733887
3,5.318377494812012
3,5.192370414733887
3,5.2712225914001465
3,5.3501152992248535
3,5.231398582458496
3,5.286801815032959
3,5.142784595489502
3,5.1677727699279785
3,5.2683491706848145
3,5.317830562591553
3,5.23133659362793
3,5.223490238189697
3,5.236944198608398
3,5.157984256744385
3,5.243797302246094
3,5.183286666870117
3,5.132303237915039
3,5.215953350067139
3,5.3635454177856445
3,5.2035746574401855
3,5.296956539154053
3,5.205355644226074
3,5.199079513549805
3,5.243415832519531
3,5.167713165283203
3,5.251851558685303
3,5.1691575050354
3,5.2117509841918945
3,5.283342361450195
3,5.29641056060791
3,5.224381923675537
3,5.310942649841309
3,5.305637359619141
3,5.161611557006836
3,5.28562068939209
3,5.278298377990723
3,5.111672401428223
3,5.239726543426514
3,5.253103256225586
3,5.091102123260498
3,5.102013111114502
3,5.2604899406433105
3,5.149188041687012
3,5.1719651222229
3,5.181783676147461
3,5.099232196807861
3,5.228309631347656
3,5.198770046234131
3,5.18858003616333
3,5.172598361968994
3,5.186903953552246
3,5.149569511413574
3,5.224438667297363
3,5.2131757736206055
3,5.131998538970947
3,5.208872318267822
3,5.08640193939209
3,5.207345962524414
3,5.3339924812316895
4,5.026832103729248
4,4.964622974395752
4,4.9189839363098145
4,4.961380958557129
4,4.940582275390625
4,4.90247917175293
4,4.937503814697266
4,4.959587097167969
4,5.083636283874512
4,5.046638488769531
4,5.0504469871521
4,5.074741840362549
4,4.999503135681152
4,4.9875664710998535
4,5.084128379821777
4,5.008964538574219
4,4.88358211517334
4,5.0571699142456055
4,4.966983795166016
4,4.994073390960693
4,4.991152286529541
4,4.91915225982666
4,4.9840168952941895
4,5.044153213500977
4,5.019408226013184
4,4.954526424407959
4,4.995615482330322
4,4.855974197387695
4,4.969972133636475
4,5.056206703186035
4,5.03429651260376
4,4.860669136047363
4,4.949726104736328
4,5.045297145843506
4,5.007406234741211
4,4.962399959564209
4,5.129134654998779
4,5.019690990447998
4,5.001813888549805
4,4.9139723777771
4,4.965054988861084
4,4.908541679382324
4,4.870162487030029
4,5.030129909515381
4,5.0593438148498535
4,5.035482883453369
4,4.893011569976807
4,4.979946613311768
4,5.0184173583984375
4,4.949699878692627
4,5.032883167266846
4,4.902700424194336
4,4.838672637939453
4,5.086248397827148
4,4.944409370422363
4,5.054818153381348
4,4.9017767906188965
4,5.054255485534668
4,5.070742607116699
4,4.952125549316406
4,5.103610992431641
4,4.881260871887207
4,5.094952583312988
4,5.005125522613525
4,4.880143165588379
4,4.842219829559326
4,5.014602184295654
4,4.919600009918213
4,4.932769775390625
4,4.948476314544678
4,5.074058532714844
4,4.951720714569092
4,4.909115791320801
4,4.989474296569824
4,4.950413227081299
4,4.874047756195068
4,4.951846122741699
4,4.836308479309082
4,5.022514343261719
4,4.940047264099121
4,4.928155899047852
4,4.947373390197754
4,4.813194274902344
4,5.013736248016357
4,4.905856609344482
4,5.065457344055176
4,4.956666469573975
4,4.975119113922119
4,4.864508152008057
4,4.9193501472473145
4,4.843860626220703
4,4.952140808105469
4,4.8548054695129395
4,4.954026222229004
4,4.970115661621094
4,4.867125511169434
4,4.8206706047058105
4,4.869008541107178
4,5.007251262664795
4,4.875901222229004
4,4.957690715789795
4,4.897681713104248
4,4.954587936401367
4,4.824609756469727
4,4.881549835205078
4,4.860318183898926
4,5.027549743652344
4,4.951467514038086
4,4.87647008895874
4,4.962407112121582
4,5.0074567794799805
4,4.985928058624268
4,4.8923563957214355
4,4.98130464553833
4,4.830288887023926
4,4.894866943359375
4,4.917464733123779
4,4.777320384979248
4,4.8027496337890625
4,4.845281600952148
4,4.865300178527832
4,4.955112934112549
4,4.955988883972168
4,4.913106918334961
4,4.907495975494385
4,4.790735721588135
4,4.849709987640381
4,4.905378818511963
4,4.895709037780762
4,4.978521823883057
4,4.929226398468018
4,4.859574317932129
4,4.8791890144348145
4,4.8829731941223145
4,4.851090908050537
4,4.93660306930542
4,5.034245014190674
4,4.756338596343994
4,4.822695732116699
4,4.831818103790283
4,4.85540771484375
4,4.868562698364258
4,4.864973545074463
4,4.767154693603516
4,4.828007698059082
4,4.851632118225098
4,4.867979049682617
4,4.9292893409729
4,4.921988010406494
4,4.813342094421387
4,4.702560901641846
4,4.935546875
4,4.796339511871338
4,4.72299861907959
4,4.976866245269775
4,4.990572929382324
4,4.783845901489258
4,4.7480034828186035
4,4.91209602355957
4,4.711103916168213
4,4.860942840576172
4,4.792853832244873
4,4.828668117523193
4,4.845236301422119
4,4.815884590148926
4,4.869630813598633
4,4.8220367431640625
4,4.773320198059082
4,4.903836250305176
4,4.841571807861328
4,4.8445539474487305
4,4.8791303634643555
4,4.846462249755859
4,4.923122882843018
4,4.879148960113525
4,4.910037517547607
4,4.995355606079102
4,4.806632041931152
4,4.858688831329346
4,4.89305305480957
4,4.811527252197266
4,4.967549800872803
4,4.889926910400391
4,4.890728950500488
4,4.843600273132324
4,4.847944736480713
4,4.862224102020264
4,4.761793613433838
4,4.793964385986328
4,4.6883649826049805
4,4.790862560272217
4,4.851340293884277
4,4.752224922180176
4,4.771322250366211
4,4.828230857849121
4,4.9182233810424805
4,4.929955959320068
4,4.820479869842529
4,4.860260963439941
4,4.787968635559082
4,4.792950630187988
4,4.752748012542725
4,4.877382278442383
4,4.7934722900390625
4,4.799416542053223
4,4.738203525543213
4,4.933223724365234
4,4.771151542663574
4,4.782077312469482
4,4.823136806488037
4,4.93202018737793
4,4.726548194885254
4,4.868460178375244
4,4.918529987335205
4,4.773845672607422
4,4.802440643310547
4,4.90677547454834
4,4.8526835441589355
4,4.610175132751465
4,4.773226737976074
4,4.859886169433594
4,4.820375919342041
4,4.715364933013916
4,4.746437072753906
4,4.921424388885498
4,4.7910661697387695
4,4.809345722198486
4,4.85115909576416
4,4.792815208435059
4,4.7644267082214355
4,4.804021835327148
4,4.785700798034668
4,4.708199977874756
4,4.625616550445557
4,4.759754180908203
4,4.883022785186768
4,4.739382266998291
4,4.827247142791748
4,4.8432536125183105
4,4.81095552444458
4,4.8668904304504395
4,4.793767929077148
4,4.738287448883057
4,4.804372310638428
4,4.730756759643555
4,4.687763214111328
4,4.8414459228515625
4,4.789608478546143
4,4.754063606262207
4,4.819815158843994
4,4.828613758087158
4,4.702624320983887
4,4.647107124328613
4,4.888680458068848
4,4.775284767150879
4,4.8063249588012695
4,4.624744892120361
4,4.727273464202881
4,4.77851676940918
4,4.827208042144775
4,4.714437007904053
4,4.861157417297363
4,4.768707275390625
4,4.803614139556885
4,4.785081386566162
4,4.630221366882324
4,4.733226776123047
4,4.661794185638428
4,4.744992733001709
4,4.729653358459473
4,4.834894180297852
4,4.735256195068359
4,4.736711025238037
4,4.679291725158691
4,4.803830623626709
4,4.653337001800537
4,4.728655815124512
4,4.732616424560547
4,4.777955055236816
4,4.524651050567627
4,4.841937065124512
4,4.745365619659424
4,4.813441753387451
4,4.769607067108154
4,4.714780330657959
4,4.731769561767578
4,4.689826488494873
4,4.697080135345459
4,4.669178009033203
4,4.752096652984619
4,4.632567882537842
4,4.815973281860352
4,4.786839008331299
4,4.574077129364014
4,4.805495738983154
4,4.841339111328125
4,4.623795509338379
4,4.686454772949219
4,4.6707634925842285
4,4.632691860198975
4,4.633560657501221
4,4.615866661071777
4,4.6126813888549805
4,4.709738254547119
4,4.773183345794678
4,4.794085502624512
4,4.677817344665527
4,4.719845771789551
4,4.673617362976074
4,4.791883945465088
4,4.6281232833862305
4,4.789590358734131
4,4.694604873657227
4,4.702784061431885
4,4.63227653503418
4,4.719481945037842
4,4.767338275909424
4,4.784738540649414
4,4.5324578285217285
4,4.731997966766357
4,4.708720684051514
4,4.755970478057861
4,4.750367641448975
4,4.77593994140625
4,4.719937324523926
4,4.7230305671691895
4,4.697774887084961
4,4.691911220550537
4,4.6891560554504395
4,4.841846942901611
4,4.740405082702637
4,4.768768310546875
4,4.687801837921143
4,4.718991756439209
4,4.705305099487305
4,4.811768054962158
4,4.554169654846191
4,4.538782119750977
4,4.763164520263672
4,4.712715148925781
4,4.547948837280273
4,4.618865489959717
4,4.709944725036621
4,4.7255730628967285
4,4.713228702545166
4,4.633567810058594
4,4.6651291847229
4,4.677138328552246
4,4.724473476409912
4,4.72805118560791
4,4.666536331176758
4,4.632168292999268
4,4.625499725341797
4,4.663998126983643
4,4.6789727210998535
4,4.7288498878479
4,4.672138214111328
4,4.829147815704346
4,4.650259494781494
4,4.709275245666504
4,4.780661582946777
4,4.832831859588623
4,4.691494464874268
4,4.561027526855469
4,4.6698760986328125
4,4.536466598510742
4,4.743252754211426
4,4.759324550628662
4,4.7121052742004395
4,4.750439643859863
4,4.7428154945373535
4,4.721772193908691
5,4.412596702575684
5,4.449905872344971
5,4.506375312805176
5,4.368005275726318
5,4.446338176727295
5,4.457657814025879
5,4.461567401885986
5,4.477141380310059
5,4.5789947509765625
5,4.449886798858643
5,4.412209510803223
5,4.299862861633301
5,4.343106269836426
5,4.438439846038818
5,4.4181365966796875
5,4.487027168273926
5,4.498424530029297
5,4.328477382659912
5,4.425095081329346
5,4.440101623535156
5,4.390151023864746
5,4.529397964477539
5,4.467939853668213
5,4.607348918914795
5,4.4451799392700195
5,4.438136577606201
5,4.47538423538208
5,4.437932014465332
5,4.375387668609619
5,4.521984100341797
5,4.4552507400512695
5,4.469501972198486
5,4.3038010597229
5,4.446120262145996
5,4.415762424468994
5,4.323790073394775
5,4.5097432136535645
5,4.475414276123047
5,4.341395854949951
5,4.532198905944824
5,4.347756862640381
5,4.406736373901367
5,4.437372207641602
5,4.442803859710693
5,4.430481910705566
5,4.502502918243408
5,4.477031707763672
5,4.380035400390625
5,4.389900207519531
5,4.474620819091797
5,4.370669841766357
5,4.354414463043213
5,4.4924235343933105
5,4.400462627410889
5,4.365374565124512
5,4.302867889404297
5,4.508675575256348
5,4.402154445648193
5,4.446232318878174
5,4.4328999519348145
5,4.288654804229736
5,4.398286819458008
5,4.514714241027832
5,4.504487037658691
5,4.358340263366699
5,4.419666290283203
5,4.389564514160156
5,4.38647985458374
5,4.406757831573486
5,4.374658107757568
5,4.426046848297119
5,4.463397026062012
5,4.431583404541016
5,4.4819464683532715
5,4.458529949188232
5,4.488565444946289
5,4.447929382324219
5,4.425910472869873
5,4.45197057723999
5,4.408659934997559
5,4.44094705581665
5,4.393402576446533
5,4.371512413024902
5,4.3737101554870605
5,4.408940315246582
5,4.4113569259643555
5,4.4757399559021
5,4.502072334289551
5,4.42014741897583
5,4.478605270385742
5,4.341879367828369
5,4.3562188148498535
5,4.565028190612793
5,4.453855514526367
5,4.4372076988220215
5,4.425062656402588
5,4.348596572875977
5,4.375979900360107
5,4.409982681274414
5,4.342668533325195
5,4.510224342346191
5,4.411144256591797
5,4.469395160675049
5,4.485111713409424
5,4.428496360778809
5,4.466355323791504
5,4.53493070602417
5,4.47197151184082
5,4.292153835296631
5,4.399989604949951
5,4.47748327255249
5,4.362691879272461
5,4.337183475494385
5,4.331939220428467
5,4.327125549316406
5,4.438483238220215
5,4.374328136444092
5,4.3539652824401855
5,4.404613971710205
5,4.393465995788574
5,4.300291061401367
5,4.543519973754883
5,4.311161041259766
5,4.407884120941162
5,4.328054428100586
5,4.2889533042907715
5,4.32736349105835
5,4.410578727722168
5,4.417413234710693
5,4.29155969619751
5,4.262082099914551
5,4.354590892791748
5,4.402892589569092
5,4.300225257873535
5,4.502771854400635
5,4.4169769287109375
5,4.354854106903076
5,4.524191856384277
5,4.377363681793213
5,4.400312423706055
5,4.485957622528076
5,4.229846477508545
5,4.419919013977051
5,4.3400397300720215
5,4.327324390411377
5,4.424918174743652
5,4.320789337158203
5,4.373851776123047
5,4.388683319091797
5,4.369264602661133
5,4.361682415008545
5,4.311552047729492
5,4.351396083831787
5,4.445637226104736
5,4.442544460296631
5,4.447264671325684
5,4.393324851989746
5,4.3978142738342285
5,4.309157371520996
5,4.494114398956299
5,4.391296863555908
5,4.333775520324707
5,4.403286933898926
5,4.299219608306885
5,4.420335292816162
5,4.3973002433776855
5,4.349271297454834
5,4.336557388305664
5,4.407876014709473
5,4.518017768859863
5,4.4281439781188965
5,4.399960517883301
5,4.442690372467041
5,4.428333282470703
5,4.450439929962158
5,4.361446857452393
5,4.447971820831299
5,4.353267669677734
5,4.240472793579102
5,4.275928020477295
5,4.408886432647705
5,4.312979698181152
5,4.354527950286865
5,4.421283721923828
5,4.335799217224121
5,4.471994876861572
5,4.324301242828369
5,4.40366792678833
5,4.290716648101807
5,4.381250381469727
5,4.265439510345459
5,4.286208152770996
5,4.289268493652344
5,4.2808332443237305
5,4.403690338134766
5,4.352592945098877
5,4.391163349151611
5,4.270094871520996
5,4.309426307678223
5,4.262114524841309
5,4.44927978515625
5,4.305936336517334
5,4.314990043640137
5,4.2140326499938965
5,4.296191692352295
5,4.413886070251465
5,4.362700462341309
5,4.250612735748291
5,4.33713960647583
5,4.402394771575928
5,4.42468786239624
5,4.294771194458008
5,4.291125774383545
5,4.419849872589111
5,4.29435920715332
5,4.28490686416626
5,4.301949977874756
5,4.264245510101318
5,4.365248680114746
5,4.207716464996338
5,4.4054484367370605
5,4.213596343994141
5,4.3516998291015625
5,4.33188009262085
5,4.412697792053223
5,4.364492416381836
5,4.343715667724609
5,4.359601020812988
5,4.298840045928955
5,4.162868022918701
5,4.313665390014648
5,4.198572158813477
5,4.390994071960449
5,4.28319787979126
5,4.317211627960205
5,4.285648345947266
5,4.371890068054199
5,4.4664788246154785
5,4.345646858215332
5,4.3480658531188965
5,4.399961948394775
5,4.279399871826172
5,4.309031963348389
5,4.224251747131348
5,4.306757926940918
5,4.3532395362854
5,4.250885963439941
5,4.364802360534668
5,4.266028881072998
5,4.26956844329834
5,4.314174652099609
5,4.259729385375977
5,4.3046746253967285
5,4.3089518547058105
5,4.481225967407227
5,4.259616374969482
5,4.320415019989014
5,4.301246166229248
5,4.317749977111816
5,4.319167613983154
5,4.376974105834961
5,4.4784722328186035
5,4.259511470794678
5,4.289214134216309
5,4.223130226135254
5,4.243845462799072
5,4.24926233291626
5,4.295576095581055
5,4.151854038238525
5,4.2158637046813965
5,4.346991539001465
5,4.210230827331543
5,4.234887599945068
5,4.348987102508545
5,4.360576629638672
5,4.244325160980225
5,4.3421149253845215
5,4.323831081390381
5,4.259528160095215
5,4.3268866539001465
5,4.1847429275512695
5,4.353422164916992
5,4.363382816314697
5,4.43680477142334
5,4.166184425354004
5,4.327004909515381
5,4.28700590133667
5,4.314003944396973
5,4.30254602432251
5,4.290655136108398
5,4.1803765296936035
5,4.317226409912109
5,4.381425857543945
5,4.223938941955566
5,4.354940891265869
5,4.33790397644043
5,4.239057540893555
5,4.248667240142822
5,4.28734016418457
5,4.371973037719727
5,4.3797149658203125
5,4.311739444732666
5,4.238201141357422
5,4.3587965965271
5,4.395767688751221
5,4.376597881317139
5,4.359915733337402
5,4.315949440002441
5,4.365159034729004
5,4.292888164520264
5,4.140990257263184
5,4.403451442718506
5,4.33646821975708
5,4.305224418640137
5,4.294905662536621
5,4.392237663269043
5,4.316610336303711
5,4.272949695587158
5,4.287088871002197
5,4.240949630737305
5,4.289740562438965
5,4.260322093963623
5,4.22413969039917
5,4.232079029083252
5,4.315438270568848
5,4.334083080291748
5,4.416796684265137
5,4.276022434234619
5,4.302290439605713
5,4.203954696655273
5,4.3193039894104
5,4.2983808517456055
5,4.173897743225098
5,4.283444404602051
5,4.361133575439453
5,4.268109321594238
5,4.221953868865967
5,4.210257530212402
5,4.216485023498535
5,4.396975517272949
5,4.230931282043457
5,4.300406455993652
5,4.371756553649902
5,4.269495010375977
5,4.270033836364746
5,4.175078868865967
5,4.213007926940918
5,4.208754539489746
5,4.213800430297852
5,4.307103633880615
5,4.212568759918213
5,4.261943340301514
5,4.261237144470215
5,4.222503662109375
5,4.241270542144775
5,4.279966831207275
5,4.297947883605957
5,4.315484046936035
5,4.1704511642456055
5,4.234630107879639
5,4.313169002532959
5,4.237525939941406
5,4.266913890838623
5,4.312501430511475
5,4.19502067565918
5,4.256754398345947
5,4.269597053527832
5,4.297121047973633
5,4.254112720489502
5,4.2080607414245605
5,4.193506240844727
5,4.280533790588379
6,3.945838212966919
6,4.0324931144714355
6,4.023040294647217
6,4.088846683502197
6,4.054693222045898
6,4.036849498748779
6,3.973646879196167
6,4.120568752288818
6,4.0498504638671875
6,4.021121025085449
6,4.0474114418029785
6,3.958475112915039
6,3.9571824073791504
6,3.9524102210998535
6,4.04115104675293
6,3.951847791671753
6,4.064767360687256
6,3.9777512550354004
6,3.9632883071899414
6,3.9450597763061523
6,3.971273183822632
6,4.0323262214660645
6,3.986321210861206
6,3.9084975719451904
6,3.9812846183776855
6,4.023497581481934
6,4.183117866516113
6,3.981966495513916
6,4.0115180015563965
6,3.964663505554199
6,4.081782817840576
6,4.02305793762207
6,4.0892653465271
6,3.928691864013672
6,4.052491188049316
6,4.018738269805908
6,4.004370212554932
6,3.9535655975341797
6,4.0327863693237305
6,3.9210870265960693
6,4.010614395141602
6,4.027468681335449
6,4.0252509117126465
6,4.002692699432373
6,3.940175771713257
6,3.9664456844329834
6,4.046396255493164
6,4.050107479095459
6,4.067665100097656
6,4.001389980316162
6,4.013942241668701
6,3.9209046363830566
6,3.956512451171875
6,4.015655517578125
6,4.1164984703063965
6,4.043436050415039
6,4.044681549072266
6,4.040461540222168
6,4.063265800476074
6,3.9826714992523193
6,3.9590327739715576
6,4.071569442749023
6,4.020295143127441
6,3.960186719894409
6,4.031729698181152
6,4.0779619216918945
6,3.927643299102783
6,4.15802526473999
6,3.9661834239959717
6,3.984224796295166
6,3.992140054702759
6,4.027105331420898
6,4.039000988006592
6,3.952449083328247
6,3.9826881885528564
6,4.079993724822998
6,4.008758068084717
6,4.018087863922119
6,3.974653482437134
6,3.9634432792663574
6,3.995750665664673
6,4.027629375457764
6,3.93503737449646
6,3.976120948791504
6,3.9955193996429443
6,4.013274669647217
6,4.050065040588379
6,4.02309513092041
6,4.03566837310791
6,4.0119733810424805
6,4.063989639282227
6,4.021439552307129
6,4.001091003417969
6,4.064866542816162
6,4.051181316375732
6,4.094613075256348
6,3.949538230895996
6,4.017635822296143
6,3.973341941833496
6,3.9440906047821045
6,3.9264724254608154
6,3.9453322887420654
6,4.123301029205322
6,4.039663314819336
6,3.921743869781494
6,3.8789281845092773
6,3.972665548324585
6,3.95229172706604
6,4.133605480194092
6,3.908439874649048
6,3.9005982875823975
6,4.119229316711426
6,3.9572598934173584
6,4.022353172302246
6,4.059902191162109
6,4.027301788330078
6,4.023713111877441
6,4.049136161804199
6,4.091794490814209
6,4.06165885925293
6,3.9121181964874268
6,4.060622215270996
6,4.070146560668945
6,3.990584135055542
6,3.9780995845794678
6,4.06974458694458
6,4.016749382019043
6,4.085493087768555
6,4.086860179901123
6,3.855541229248047
6,4.037053108215332
6,4.02441930770874
6,3.9933571815490723
6,3.994274377822876
6,4.043384075164795
6,3.9918458461761475
6,4.012714385986328
6,3.916315793991089
6,3.906558036804199
6,3.9072041511535645
6,3.9661378860473633
6,4.143106937408447
6,4.003246307373047
6,3.9686217308044434
6,4.0549187660217285
6,3.937288284301758
6,3.8787710666656494
6,4.020666599273682
6,3.9688193798065186
6,4.012709617614746
6,3.8483176231384277
6,3.975170850753784
6,3.999326467514038
6,3.9852094650268555
6,3.922696828842163
6,4.023818492889404
6,4.017845630645752
6,4.146732330322266
6,4.0111212730407715
6,4.06488561630249
6,4.047562599182129
6,3.8039615154266357
6,3.997427463531494
6,3.9608511924743652
6,3.989842653274536
6,3.9132091999053955
6,4.02955961227417
6,3.9281349182128906
6,4.002984046936035
6,4.016880035400391
6,4.013950824737549
6,4.001082420349121
6,3.9620916843414307
6,4.1112895011901855
6,4.019587516784668
6,4.0182623863220215
6,4.056288719177246
6,3.977570056915283
6,3.9850213527679443
6,4.05787992477417
6,3.8663737773895264
6,3.7988102436065674
6,3.9977636337280273
6,4.02827787399292
6,3.9798407554626465
6,4.047851085662842
6,3.8885905742645264
6,3.9697201251983643
6,3.9219062328338623
6,4.017000198364258
6,4.022500514984131
6,4.000094413757324
6,4.0169854164123535
6,3.9200279712677
6,4.065027236938477
6,3.9330482482910156
6,4.053767681121826
6,3.9442663192749023
6,3.9531331062316895
6,3.937272787094116
6,3.953197956085205
6,3.869081735610962
6,3.924562692642212
6,3.972365379333496
6,3.9819371700286865
6,3.92893385887146
6,3.8365817070007324
6,3.914679765701294
6,3.9693820476531982
6,4.053836822509766
6,3.9338629245758057
6,3.9662718772888184
6,4.0452799797058105
6,4.005436420440674
6,3.976919412612915
6,3.9818477630615234
6,3.9488131999969482
6,3.8940820693969727
6,3.9860057830810547
6,4.000236511230469
6,4.146861553192139
6,4.098628997802734
6,3.9985077381134033
6,4.090487003326416
6,3.917559862136841
6,3.9413726329803467
6,3.930614709854126
6,4.110498428344727
6,3.998555898666382
6,4.032364368438721
6,4.01776647567749
6,3.8671226501464844
6,4.007819175720215
6,3.920128345489502
6,3.8865861892700195
6,4.144426345825195
6,3.9761769771575928
6,4.110781192779541
6,3.9387266635894775
6,4.004550933837891
6,4.039146900177002
6,3.92535400390625
6,3.9154553413391113
6,4.0343451499938965
6,3.8639743328094482
6,3.8927295207977295
6,4.085384845733643
6,3.9540750980377197
6,4.046703338623047
6,3.9676833152770996
6,3.8834593296051025
6,4.046867847442627
6,3.850489854812622
6,4.005389213562012
6,3.9273831844329834
6,3.9559309482574463
6,4.048365592956543
6,4.140597343444824
6,4.039299964904785
6,4.05454158782959
6,3.868480682373047
6,3.8319995403289795
6,3.9185454845428467
6,3.9459829330444336
6,4.109623432159424
6,3.975477933883667
6,3.898149013519287
6,3.9351487159729004
6,3.9161853790283203
6,3.9716434478759766
6,3.917114496231079
6,3.9112470149993896
6,3.9898650646209717
6,3.8435096740722656
6,4.05087423324585
6,4.005553722381592
6,3.989130735397339
6,4.061233043670654
6,4.04166841506958
6,3.9648056030273438
6,4.034883499145508
6,3.9810895919799805
6,3.994833469390869
6,4.199403285980225
6,3.964134693145752
6,3.8715438842773438
6,3.9722845554351807
6,3.9960474967956543
6,4.0192131996154785
6,3.9085140228271484
6,4.000430583953857
6,4.087699890136719
6,3.831998109817505
6,3.869926929473877
6,3.8012659549713135
6,3.9386582374572754
6,3.9087510108947754
6,4.073648929595947
6,3.920581102371216
6,3.914116859436035
6,3.841038703918457
6,3.9152615070343018
6,3.98565936088562
6,3.9893739223480225
6,3.839775562286377
6,3.9449515342712402
6,3.838247776031494
6,3.9559624195098877
6,3.9358460903167725
6,4.034091472625732
6,4.01730489730835
6,4.038368225097656
6,3.854623794555664
6,3.968191385269165
6,3.851794958114624
6,3.973978281021118
6,3.8542520999908447
6,3.8677010536193848
6,3.9104182720184326
6,3.9523537158966064
6,3.930394411087036
6,3.9432787895202637
6,4.049621105194092
6,4.096146583557129
6,3.872715711593628
6,3.9103991985321045
6,3.815763473510742
6,4.069157123565674
6,3.9577059745788574
6,4.006504535675049
6,3.9215877056121826
6,3.958710193634033
6,3.9473109245300293
6,3.9573893547058105
6,4.004698276519775
6,3.9307096004486084
6,3.8964743614196777
6,3.980947732925415
6,3.91938853263855
6,4.019230842590332
6,3.96815824508667
6,3.874987840652466
6,3.8477044105529785
6,4.013980388641357
6,4.008562088012695
6,3.8882105350494385
6,3.9437193870544434
6,3.862490653991699
6,3.9162051677703857
6,3.9963059425354004
6,3.8358654975891113
6,4.116060256958008
6,3.993370771408081
6,3.896432399749756
6,3.926600694656372
6,3.932330369949341
6,3.8684465885162354
6,3.860001564025879
6,3.937596559524536
6,3.963951349258423
6,3.732271194458008
6,3.9772841930389404
6,3.9736328125
6,3.9478344917297363
6,3.918020725250244
6,4.019909381866455
6,3.8779654502868652
6,4.05874490737915
6,4.004053115844727
6,3.835355281829834
6,3.9244742393493652
6,3.94150710105896
7,3.6574244499206543
7,3.728952407836914
7,3.5735864639282227
7,3.7031686305999756
7,3.6860949993133545
7,3.618584394454956
7,3.6919233798980713
7,3.671252727508545
7,3.8190135955810547
7,3.67453670501709
7,3.696798324584961
7,3.647627592086792
7,3.784604787826538
7,3.6705634593963623
7,3.8014872074127197
7,3.569531202316284
7,3.588613510131836
7,3.6489484310150146
7,3.828346014022827
7,3.6092419624328613
7,3.620112895965576
7,3.5499258041381836
7,3.6928133964538574
7,3.7215077877044678
7,3.6744027137756348
7,3.6477038860321045
7,3.6332919597625732
7,3.706561326980591
7,3.734138250350952
7,3.621640205383301
7,3.7250680923461914
7,3.630570888519287
7,3.59541392326355
7,3.6975810527801514
7,3.8186111450195312
7,3.6394309997558594
7,3.673245668411255
7,3.744576930999756
7,3.602444648742676
7,3.6337993144989014
7,3.7359113693237305
7,3.650261163711548
7,3.6693832874298096
7,3.6233654022216797
7,3.769838333129883
7,3.6796064376831055
7,3.6919138431549072
7,3.8216471672058105
7,3.690086841583252
7,3.783151149749756
7,3.6807680130004883
7,3.692950963973999
7,3.6698923110961914
7,3.722102403640747
7,3.6458301544189453
7,3.7208385467529297
7,3.7885618209838867
7,3.746208667755127
7,3.753035306930542
7,3.656651258468628
7,3.7989890575408936
7,3.738417625427246
7,3.716925859451294
7,3.69254994392395
7,3.669285774230957
7,3.5738155841827393
7,3.625140905380249
7,3.5889174938201904
7,3.719012498855591
7,3.6496407985687256
7,3.7031290531158447
7,3.729292392730713
7,3.6631500720977783
7,3.7001023292541504
7,3.611834764480591
7,3.67337965965271
7,3.679136276245117
7,3.719545841217041
7,3.68890118598938
7,3.651416778564453
7,3.666410446166992
7,3.5648305416107178
7,3.8027288913726807
7,3.7410638332366943
7,3.6776974201202393
7,3.701155662536621
7,3.6940319538116455
7,3.6597189903259277
7,3.579164981842041
7,3.6533544063568115
7,3.631803512573242
7,3.6745765209198
7,3.7061922550201416
7,3.684220552444458
7,3.6995136737823486
7,3.672405481338501
7,3.7191123962402344
7,3.764594793319702
7,3.6982150077819824
7,3.7363176345825195
7,3.64724063873291
7,3.772158145904541
7,3.6355984210968018
7,3.679857015609741
7,3.6662192344665527
7,3.7210307121276855
7,3.662118434906006
7,3.640476942062378
7,3.7155449390411377
7,3.72476863861084
7,3.7181029319763184
7,3.7466986179351807
7,3.6652040481567383
7,3.687654733657837
7,3.647639513015747
7,3.6283082962036133
7,3.6512486934661865
7,3.6597254276275635
7,3.7354202270507812
7,3.7022390365600586
7,3.7039413452148438
7,3.645272731781006
7,3.7413320541381836
7,3.8088951110839844
7,3.7391815185546875
7,3.6128392219543457
7,3.7235026359558105
7,3.6931350231170654
7,3.737257719039917
7,3.6792361736297607
7,3.8363871574401855
7,3.73374342918396
7,3.739088535308838
7,3.792043447494507
7,3.693516254425049
7,3.761176824569702
7,3.6065189838409424
7,3.696408748626709
7,3.6707427501678467
7,3.628871440887451
7,3.6630873680114746
7,3.6543853282928467
7,3.6550137996673584
7,3.7427496910095215
7,3.717533588409424
7,3.685741662979126
7,3.628354549407959
7,3.651945114135742
7,3.7443227767944336
7,3.6665642261505127
7,3.642073392868042
7,3.658804178237915
7,3.651992082595825
7,3.706847667694092
7,3.737818956375122
7,3.6207973957061768
7,3.538323163986206
7,3.704789161682129
7,3.728931188583374
7,3.760284185409546
7,3.64432692527771
7,3.7954890727996826
7,3.7245349884033203
7,3.713505983352661
7,3.5738401412963867
7,3.6298375129699707
7,3.7187671661376953
7,3.7256579399108887
7,3.740112543106079
7,3.645015239715576
7,3.782676935195923
7,3.647615671157837
7,3.5837600231170654
7,3.7220640182495117
7,3.716583251953125
7,3.7024497985839844
7,3.6837401390075684
7,3.6908206939697266
7,3.629709005355835
7,3.7377195358276367
7,3.742751359939575
7,3.6940653324127197
7,3.7658982276916504
7,3.755431890487671
7,3.7069456577301025
7,3.7415528297424316
7,3.6927201747894287
7,3.708631753921509
7,3.6467573642730713
7,3.722990036010742
7,3.73642635345459
7,3.6871776580810547
7,3.7328104972839355
7,3.583542585372925
7,3.6990549564361572
7,3.725363254547119
7,3.6563448905944824
7,3.66386342048645
7,3.762932300567627
7,3.6483631134033203
7,3.6814467906951904
7,3.7025094032287598
7,3.5983924865722656
7,3.6924219131469727
7,3.6756300926208496
7,3.8230724334716797
7,3.6422574520111084
7,3.5711593627929688
7,3.652770757675171
7,3.7033677101135254
7,3.5840718746185303
7,3.724442481994629
7,3.647495746612549
7,3.5568604469299316
7,3.710933208465576
7,3.726484775543213
7,3.6414506435394287
7,3.5837907791137695
7,3.803361415863037
7,3.7838597297668457
7,3.5695581436157227
7,3.6726760864257812
7,3.66532039642334
7,3.707150936126709
7,3.6082847118377686
7,3.6830286979675293
7,3.776066541671753
7,3.795950412750244
7,3.7544705867767334
7,3.6923201084136963
7,3.702483892440796
7,3.7093920707702637
7,3.6760404109954834
7,3.681434392929077
7,3.675259828567505
7,3.6020617485046387
7,3.6755459308624268
7,3.796891689300537
7,3.6596083641052246
7,3.6974408626556396
7,3.7257447242736816
7,3.656450033187866
7,3.6028358936309814
7,3.664390802383423
7,3.7422966957092285
7,3.565950632095337
7,3.6153762340545654
7,3.7162461280822754
7,3.6477413177490234
7,3.6009256839752197
7,3.7103803157806396
7,3.628037452697754
7,3.633601665496826
7,3.685579538345337
7,3.741272449493408
7,3.6548728942871094
7,3.732034921646118
7,3.667402982711792
7,3.6935031414031982
7,3.72063946723938
7,3.653414487838745
7,3.642345666885376
7,3.664508819580078
7,3.7455265522003174
7,3.7438066005706787
7,3.6900501251220703
7,3.652026653289795
7,3.7782444953918457
7,3.653918504714966
7,3.58789324760437
7,3.646121025085449
7,3.7144992351531982
7,3.640080451965332
7,3.5737290382385254
7,3.552562952041626
7,3.5614585876464844
7,3.596816062927246
7,3.6220316886901855
7,3.6935057640075684
7,3.621534824371338
7,3.637834072113037
7,3.6853880882263184
7,3.637437582015991
7,3.688692569732666
7,3.759518623352051
7,3.6546130180358887
7,3.6563241481781006
7,3.6443967819213867
7,3.601536750793457
7,3.6891372203826904
7,3.6224734783172607
7,3.7851974964141846
7,3.67075514793396
7,3.649956226348877
7,3.7179574966430664
7,3.641188144683838
7,3.6459412574768066
7,3.661303997039795
7,3.6767189502716064
7,3.73112154006958
7,3.797294855117798
7,3.697683811187744
7,3.701765775680542
7,3.761597156524658
7,3.5375616550445557
7,3.671304225921631
7,3.619898796081543
7,3.6967082023620605
7,3.5954227447509766
7,3.747344732284546
7,3.628673553466797
7,3.713413953781128
7,3.617555856704712
7,3.662203311920166
7,3.655721426010132
7,3.677201986312866
7,3.5885603427886963
7,3.6975796222686768
7,3.7568445205688477
7,3.6239218711853027
7,3.6805260181427
7,3.6496167182922363
7,3.6407828330993652
7,3.628751516342163
7,3.707484245300293
7,3.7042348384857178
7,3.682318687438965
7,3.7309329509735107
7,3.674785852432251
7,3.7477025985717773
7,3.741899251937866
7,3.6264615058898926
7,3.6860263347625732
7,3.700266122817993
7,3.684370517730713
7,3.6444156169891357
7,3.7342119216918945
7,3.684514045715332
7,3.8231494426727295
7,3.710451364517212
7,3.7473554611206055
7,3.589472770690918
7,3.5849075317382812
7,3.6465837955474854
7,3.650411605834961
7,3.6646409034729004
7,3.7546725273132324
7,3.7591235637664795
7,3.679434299468994
7,3.6897006034851074
7,3.661041021347046
7,3.495048761367798
7,3.747066020965576
7,3.6542797088623047
7,3.637162685394287
7,3.7159018516540527
7,3.66211199760437
7,3.743116617202759
7,3.693418264389038
7,3.767824411392212
7,3.766653299331665
7,3.6483020782470703
7,3.6406588554382324
7,3.562350273132324
7,3.676072597503662
7,3.6753180027008057
7,3.6028494834899902
7,3.614297866821289
7,3.668300151824951
7,3.737182855606079
7,3.6217446327209473
7,3.6053168773651123
8,3.422639846801758
8,3.2781100273132324
8,3.471601963043213
8,3.461352586746216
8,3.3330259323120117
8,3.3850748538970947
8,3.3212952613830566
8,3.3538575172424316
8,3.511547088623047
8,3.4343976974487305
8,3.4095370769500732
8,3.3901422023773193
8,3.3503706455230713
8,3.3369126319885254
8,3.4307444095611572
8,3.402329444885254
8,3.520004987716675
8,3.308004856109619
8,3.487700939178467
8,3.4410228729248047
8,3.492393732070923
8,3.4599626064300537
8,3.3959550857543945
8,3.4537570476531982
8,3.33778715133667
8,3.418250322341919
8,3.3953399658203125
8,3.3315742015838623
8,3.427981376647949
8,3.362348794937134
8,3.5282530784606934
8,3.441363573074341
8,3.452204704284668
8,3.4458858966827393
8,3.3919360637664795
8,3.407630681991577
8,3.4035375118255615
8,3.2938554286956787
8,3.3516390323638916
8,3.4593536853790283
8,3.5066347122192383
8,3.505528450012207
8,3.38918137550354
8,3.3788416385650635
8,3.483203887939453
8,3.4023988246917725
8,3.4011011123657227
8,3.434964418411255
8,3.470060348510742
8,3.3913748264312744
8,3.471691846847534
8,3.5071115493774414
8,3.3961565494537354
8,3.4948112964630127
8,3.4195685386657715
8,3.5018274784088135
8,3.3831946849823
8,3.363152503967285
8,3.4691264629364014
8,3.5482394695281982
8,3.472749948501587
8,3.4755446910858154
8,3.443075180053711
8,3.338510751724243
8,3.3806817531585693
8,3.419780731201172
8,3.4725725650787354
8,3.379836320877075
8,3.3083655834198
8,3.3779401779174805
8,3.534515857696533
8,3.4595746994018555
8,3.466510772705078
8,3.481995105743408
8,3.468686819076538
8,3.4179370403289795
8,3.4395923614501953
8,3.4115264415740967
8,3.3224499225616455
8,3.409038782119751
8,3.43721866607666
8,3.3481342792510986
8,3.4303693771362305
8,3.506413698196411
8,3.4531033039093018
8,3.3525822162628174
8,3.3162972927093506
8,3.4352211952209473
8,3.4610838890075684
8,3.551720380783081
8,3.360215425491333
8,3.4153077602386475
8,3.4844412803649902
8,3.431046962738037
8,3.502403497695923
8,3.4118056297302246
8,3.349956512451172
8,3.4931023120880127
8,3.4511375427246094
8,3.4786598682403564
8,3.429455518722534
8,3.3823091983795166
8,3.373448133468628
8,3.525034189224243
8,3.3321712017059326
8,3.617633104324341
8,3.457078456878662
8,3.4198157787323
8,3.4045705795288086
8,3.4295217990875244
8,3.3700571060180664
8,3.4329817295074463
8,3.4868075847625732
8,3.5274527072906494
8,3.382814407348633
8,3.5505616664886475
8,3.443776845932007
8,3.470691442489624
8,3.4514005184173584
8,3.459482192993164
8,3.4250049591064453
8,3.4302542209625244
8,3.369148015975952
8,3.3987009525299072
8,3.5293328762054443
8,3.4136619567871094
8,3.4527602195739746
8,3.4368021488189697
8,3.3737099170684814
8,3.3907999992370605
8,3.3849778175354004
8,3.4192357063293457
8,3.437730550765991
8,3.343341112136841
8,3.4961585998535156
8,3.3579635620117188
8,3.5114409923553467
8,3.475238084793091
8,3.4351279735565186
8,3.3619885444641113
8,3.482715368270874
8,3.377840995788574
8,3.4569265842437744
8,3.4643049240112305
8,3.3952925205230713
8,3.3472182750701904
8,3.363694906234741
8,3.4678192138671875
8,3.498805284500122
8,3.386124849319458
8,3.3951468467712402
8,3.4135305881500244
8,3.4146382808685303
8,3.402751922607422
8,3.4797964096069336
8,3.5164287090301514
8,3.420522689819336
8,3.475832223892212
8,3.4819204807281494
8,3.5062954425811768
8,3.4625487327575684
8,3.439225912094116
8,3.4134461879730225
8,3.4073121547698975
8,3.4804093837738037
8,3.4310262203216553
8,3.47175669670105
8,3.4108970165252686
8,3.527017116546631
8,3.513366937637329
8,3.396688461303711
8,3.436004161834717
8,3.44830322265625
8,3.3408730030059814
8,3.407487154006958
8,3.41862416267395
8,3.415022134780884
8,3.454939842224121
8,3.515735149383545
8,3.43898344039917
8,3.5261824131011963
8,3.3353569507598877
8,3.5198400020599365
8,3.5861785411834717
8,3.425752878189087
8,3.4366466999053955
8,3.351813316345215
8,3.376807451248169
8,3.483734607696533
8,3.46181058883667
8,3.5420916080474854
8,3.361313581466675
8,3.534999370574951
8,3.4666976928710938
8,3.3722476959228516
8,3.5346829891204834
8,3.3586268424987793
8,3.3825759887695312
8,3.4929087162017822
8,3.5424888134002686
8,3.2941973209381104
8,3.369269609451294
8,3.549255847930908
8,3.4998180866241455
8,3.515610456466675
8,3.421842336654663
8,3.407201051712036
8,3.490234136581421
8,3.4085512161254883
8,3.449859857559204
8,3.420356273651123
8,3.455165147781372
8,3.449878215789795
8,3.4257256984710693
8,3.328540802001953
8,3.2636666297912598
8,3.4752111434936523
8,3.421172857284546
8,3.404463529586792
8,3.4830939769744873
8,3.375783681869507
8,3.387420654296875
8,3.4357125759124756
8,3.507636785507202
8,3.4623847007751465
8,3.4174623489379883
8,3.383216142654419
8,3.4047861099243164
8,3.461887836456299
8,3.318599224090576
8,3.441350221633911
8,3.3982176780700684
8,3.5959763526916504
8,3.373157024383545
8,3.34604811668396
8,3.3531582355499268
8,3.502739906311035
8,3.478482723236084
8,3.5506796836853027
8,3.4582042694091797
8,3.4789376258850098
8,3.404573440551758
8,3.4124038219451904
8,3.507838010787964
8,3.4111499786376953
8,3.5151398181915283
8,3.4329917430877686
8,3.5023813247680664
8,3.466120719909668
8,3.490061044692993
8,3.5481009483337402
8,3.480217456817627
8,3.4958651065826416
8,3.415574789047241
8,3.4146177768707275
8,3.472899913787842
8,3.310134172439575
8,3.4305310249328613
8,3.493494987487793
8,3.41196346282959
8,3.457545757293701
8,3.5020880699157715
8,3.361095905303955
8,3.5543410778045654
8,3.418694257736206
8,3.451209545135498
8,3.4338626861572266
8,3.3136849403381348
8,3.422518730163574
8,3.410285472869873
8,3.547354221343994
8,3.473184585571289
8,3.4911890029907227
8,3.603273868560791
8,3.499498128890991
8,3.5336430072784424
8,3.302025079727173
8,3.297041654586792
8,3.455585241317749
8,3.4473018646240234
8,3.4506583213806152
8,3.5242831707000732
8,3.494558572769165
8,3.512366771697998
8,3.4607255458831787
8,3.4169294834136963
8,3.5427017211914062
8,3.3588192462921143
8,3.332366704940796
8,3.4916269779205322
8,3.4492716789245605
8,3.323888063430786
8,3.4413602352142334
8,3.3893115520477295
8,3.489485502243042
8,3.3715264797210693
8,3.4253392219543457
8,3.512334108352661
8,3.615831136703491
8,3.4510293006896973
8,3.4301700592041016
8,3.394462823867798
8,3.4511802196502686
8,3.5043697357177734
8,3.3085951805114746
8,3.3699448108673096
8,3.4249050617218018
8,3.302480697631836
8,3.4310173988342285
8,3.4653193950653076
8,3.531672239303589
8,3.414991855621338
8,3.359909772872925
8,3.476361036300659
8,3.3421261310577393
8,3.407790184020996
8,3.4501724243164062
8,3.4926960468292236
8,3.3619377613067627
8,3.339865207672119
8,3.374094247817993
8,3.4395391941070557
8,3.4572927951812744
8,3.509291887283325
8,3.438366413116455
8,3.3429014682769775
8,3.4871878623962402
8,3.428061008453369
8,3.3597381114959717
8,3.4344046115875244
8,3.433224678039551
8,3.431570053100586
8,3.3893251419067383
8,3.4632456302642822
8,3.4754841327667236
8,3.3859264850616455
8,3.5247812271118164
8,3.4451966285705566
8,3.386495590209961
8,3.429002523422241
8,3.5074946880340576
8,3.5217857360839844
8,3.4001150131225586
8,3.5952351093292236
8,3.3452858924865723
8,3.4594132900238037
8,3.351961612701416
8,3.4850056171417236
8,3.411259889602661
8,3.4992966651916504
8,3.4627492427825928
8,3.231505870819092
8,3.613745927810669
8,3.4765965938568115
8,3.414689064025879
8,3.396358013153076
8,3.492311716079712
8,3.5229318141937256
8,3.3548390865325928
8,3.451190233230591
8,3.3966586589813232
8,3.492609739303589
8,3.406740188598633
8,3.4542007446289062
8,3.4065184593200684
8,3.383805513381958
8,3.3997833728790283
8,3.4964427947998047
8,3.413982629776001
8,3.407590866088867
8,3.467609167098999
8,3.433126211166382
9,3.2420806884765625
9,3.229250907897949
9,3.2191412448883057
9,3.1344268321990967
9,3.026737689971924
9,3.1182615756988525
9,3.179713010787964
9,3.275064706802368
9,3.226335287094116
9,3.168806314468384
9,3.1268179416656494
9,3.2016007900238037
9,3.0566980838775635
9,3.2014594078063965
9,3.2594127655029297
9,3.0963029861450195
9,3.2205111980438232
9,3.1379401683807373
9,3.2101378440856934
9,3.1385176181793213
9,3.1213533878326416
9,3.146745443344116
9,3.2249081134796143
9,3.24128794670105
9,3.1811463832855225
9,3.3021903038024902
9,3.2317609786987305
9,3.190892219543457
9,3.2662010192871094
9,3.238368034362793
9,3.060081958770752
9,3.202863931655884
9,3.240816831588745
9,3.098336935043335
9,3.215601921081543
9,3.204235315322876
9,3.1706175804138184
9,3.232600688934326
9,3.190228223800659
9,3.0990469455718994
9,3.1992225646972656
9,3.1739141941070557
9,3.2030723094940186
9,3.2278382778167725
9,3.17852783203125
9,3.1981751918792725
9,3.198868751525879
9,3.2087786197662354
9,3.178375482559204
9,3.182530403137207
9,3.233846664428711
9,3.168900489807129
9,3.2337636947631836
9,3.168843984603882
9,3.2444183826446533
9,3.119985342025757
9,3.1630382537841797
9,3.2588002681732178
9,3.2408738136291504
9,3.211324453353882
9,3.149524211883545
9,3.2318193912506104
9,3.3216981887817383
9,3.163457155227661
9,3.172720193862915
9,3.1912221908569336
9,3.1985859870910645
9,3.1753923892974854
9,3.319343090057373
9,3.2540342807769775
9,3.22218656539917
9,3.2998454570770264
9,3.1785521507263184
9,3.2268407344818115
9,3.1719377040863037
9,3.213331460952759
9,3.170985698699951
9,3.2046170234680176
9,3.2086331844329834
9,3.287142038345337
9,3.110456943511963
9,3.1858694553375244
9,3.1905593872070312
9,3.245816230773926
9,3.1750543117523193
9,3.2204318046569824
9,3.1507256031036377
9,3.2546708583831787
9,3.233017921447754
9,3.2252542972564697
9,3.262242317199707
9,3.296329975128174
9,3.255861520767212
9,3.2945497035980225
9,3.1908488273620605
9,3.1384716033935547
9,3.1469569206237793
9,3.235069990158081
9,3.2230024337768555
9,3.105161190032959
9,3.2170448303222656
9,3.1896345615386963
9,3.071490526199341
9,3.323007583618164
9,3.1951487064361572
9,3.238431453704834
9,3.2629077434539795
9,3.252476453781128
9,3.1286144256591797
9,3.214085102081299
9,3.247412919998169
9,3.21061635017395
9,3.2022671699523926
9,3.182616710662842
9,3.154261350631714
9,3.3001604080200195
9,3.2352356910705566
9,3.2672345638275146
9,3.1688482761383057
9,3.185800790786743
9,3.1731860637664795
9,3.31365966796875
9,3.161558151245117
9,3.2157154083251953
9,3.2137742042541504
9,3.194240093231201
9,3.253964900970459
9,3.23097825050354
9,3.230938673019409
9,3.1373984813690186
9,3.199930429458618
9,3.248429536819458
9,3.1401584148406982
9,3.2949016094207764
9,3.1190500259399414
9,3.2319459915161133
9,3.2154173851013184
9,3.2327001094818115
9,3.141974687576294
9,3.2192223072052
9,3.3312442302703857
9,3.2789862155914307
9,3.180192470550537
9,3.2535715103149414
9,3.169318437576294
9,3.2628607749938965
9,3.185253381729126
9,3.3346076011657715
9,3.1723170280456543
9,3.2662460803985596
9,3.2715959548950195
9,3.2084476947784424
9,3.2702548503875732
9,3.151846408843994
9,3.3114826679229736
9,3.1710093021392822
9,3.364041328430176
9,3.2025058269500732
9,3.329756498336792
9,3.124051332473755
9,3.2177348136901855
9,3.2295382022857666
9,3.1619479656219482
9,3.140495777130127
9,3.2788398265838623
9,3.249720811843872
9,3.194321632385254
9,3.2275402545928955
9,3.268052101135254
9,3.2156639099121094
9,3.184771776199341
9,3.253324508666992
9,3.2232258319854736
9,3.2279083728790283
9,3.3122522830963135
9,3.2097394466400146
9,3.277492046356201
9,3.1790518760681152
9,3.300440788269043
9,3.239466905593872
9,3.2675063610076904
9,3.2993688583374023
9,3.2955448627471924
9,3.174832820892334
9,3.2481112480163574
9,3.2458019256591797
9,3.2789978981018066
9,3.3143813610076904
9,3.2747960090637207
9,3.2471704483032227
9,3.3041629791259766
9,3.2043046951293945
9,3.1399619579315186
9,3.158106565475464
9,3.2418291568756104
9,3.188964605331421
9,3.175389051437378
9,3.2638864517211914
9,3.3312718868255615
9,3.299834728240967
9,3.1991982460021973
9,3.3029396533966064
9,3.1945760250091553
9,3.220698118209839
9,3.2474594116210938
9,3.293851852416992
9,3.154540777206421
9,3.2275748252868652
9,3.151102304458618
9,3.286337375640869
9,3.223083972930908
9,3.120224952697754
9,3.2432591915130615
9,3.265688180923462
9,3.169131278991699
9,3.2442924976348877
9,3.3029940128326416
9,3.2129666805267334
9,3.2388181686401367
9,3.131873846054077
9,3.273116111755371
9,3.284298896789551
9,3.222665786743164
9,3.3020999431610107
9,3.2428219318389893
9,3.2385916709899902
9,3.1946895122528076
9,3.251246452331543
9,3.3321008682250977
9,3.300158977508545
9,3.2252280712127686
9,3.282712697982788
9,3.3067214488983154
9,3.3120357990264893
9,3.2129616737365723
9,3.235105037689209
9,3.2015039920806885
9,3.2212131023406982
9,3.1828267574310303
9,3.21868896484375
9,3.2146518230438232
9,3.2005841732025146
9,3.3025221824645996
9,3.3096072673797607
9,3.2532763481140137
9,3.148831605911255
9,3.060638666152954
9,3.119093418121338
9,3.226533889770508
9,3.2054355144500732
9,3.286841630935669
9,3.277045965194702
9,3.2674121856689453
9,3.1391539573669434
9,3.2949752807617188
9,3.1939730644226074
9,3.2865149974823
9,3.350557804107666
9,3.184783935546875
9,3.19423770904541
9,3.2794342041015625
9,3.2808079719543457
9,3.19871187210083
9,3.3014590740203857
9,3.1766860485076904
9,3.2822468280792236
9,3.172685146331787
9,3.2212600708007812
9,3.226163625717163
9,3.261293888092041
9,3.3104310035705566
9,3.198218822479248
9,3.239149570465088
9,3.2052266597747803
9,3.2920849323272705
9,3.289792776107788
9,3.2384421825408936
9,3.258167266845703
9,3.2457478046417236
9,3.249701738357544
9,3.299866199493408
9,3.2925775051116943
9,3.3047502040863037
9,3.194669485092163
9,3.1996259689331055
9,3.1911330223083496
9,3.2790262699127197
9,3.2149691581726074
9,3.3202598094940186
9,3.333841323852539
9,3.250274896621704
9,3.2106451988220215
9,3.256120443344116
9,3.262338638305664
9,3.2473907470703125
9,3.321638584136963
9,3.2978808879852295
9,3.1698832511901855
9,3.2971372604370117
9,3.2093899250030518
9,3.2859649658203125
9,3.1936380863189697
9,3.2235515117645264
9,3.214317560195923
9,3.272585391998291
9,3.2154338359832764
9,3.431945323944092
9,3.2266743183135986
9,3.2361326217651367
9,3.1732006072998047
9,3.285290241241455
9,3.216970682144165
9,3.2302346229553223
9,3.261931896209717
9,3.270334482192993
9,3.3295679092407227
9,3.148898124694824
9,3.2195684909820557
9,3.1958065032958984
9,3.2150795459747314
9,3.249694347381592
9,3.220357656478882
9,3.2488644123077393
9,3.3502848148345947
9,3.247683048248291
9,3.2188360691070557
9,3.27807879447937
9,3.2300500869750977
9,3.29225754737854
9,3.3565919399261475
9,3.2405319213867188
9,3.2257983684539795
9,3.2438905239105225
9,3.3164639472961426
9,3.363538980484009
9,3.2784786224365234
9,3.2387375831604004
9,3.1689865589141846
9,3.236612558364868
9,3.3034772872924805
9,3.133047103881836
9,3.1529133319854736
9,3.1683335304260254
9,3.225022077560425
9,3.237696647644043
9,3.187673330307007
9,3.2928900718688965
9,3.1935336589813232
9,3.2321596145629883
9,3.2198705673217773
9,3.4068753719329834
9,3.360659122467041
9,3.1833791732788086
9,3.2101950645446777
9,3.258540153503418
9,3.262270927429199
9,3.2880008220672607
9,3.267390489578247
9,3.2748055458068848
9,3.3768727779388428
9,3.2528562545776367
9,3.2601897716522217
9,3.2653164863586426
9,3.3078572750091553
9,3.2080917358398438
9,3.2105000019073486
9,3.2253000736236572
9,3.320798635482788
9,3.197458267211914
9,3.404041290283203
9,3.277268409729004
9,3.143249273300171
10,3.002854108810425
10,3.0932090282440186
10,3.063650608062744
10,3.038940906524658
10,3.0139763355255127
10,3.0917975902557373
10,2.9241137504577637
10,2.9847729206085205
10,2.902498483657837
10,3.0419838428497314
10,3.0125770568847656
10,2.9743492603302
10,2.964191198348999
10,3.0745391845703125
10,2.9622669219970703
10,2.9004011154174805
10,2.9690921306610107
10,3.0135297775268555
10,3.0572237968444824
10,2.9719390869140625
10,2.970618963241577
10,3.077970266342163
10,3.012850522994995
10,3.04521107673645
10,2.99668288230896
10,2.9152674674987793
10,3.0032272338867188
10,3.0436317920684814
10,2.9807088375091553
10,3.0352091789245605
10,2.993286609649658
10,2.9772017002105713
10,3.014842987060547
10,3.112571954727173
10,2.969888925552368
10,2.9977099895477295
10,3.0086429119110107
10,2.9815845489501953
10,2.9757750034332275
10,2.9961583614349365
10,3.112070083618164
10,3.040144443511963
10,3.093010663986206
10,2.948089361190796
10,2.9694347381591797
10,3.0282864570617676
10,3.069526433944702
10,2.965744733810425
10,3.0132694244384766
10,3.0623600482940674
10,3.1304991245269775
10,3.011838674545288
10,3.1701784133911133
10,2.9959869384765625
10,3.010730504989624
10,2.9279630184173584
10,3.0081803798675537
10,3.054442882537842
10,3.042257070541382
10,2.9954912662506104
10,3.0411267280578613
10,3.040076732635498
10,3.1329965591430664
10,3.0684211254119873
10,3.119077205657959
10,3.0790586471557617
10,3.0162365436553955
10,2.9553356170654297
10,3.0665836334228516
10,3.1344220638275146
10,3.1025123596191406
10,3.120387315750122
10,3.107067823410034
10,3.087277412414551
10,3.040680408477783
10,3.1086881160736084
10,2.9915318489074707
10,3.0279784202575684
10,3.001696825027466
10,3.002352714538574
10,3.007935047149658
10,3.100802183151245
10,3.0603747367858887
10,3.081841230392456
10,3.0168774127960205
10,3.013559341430664
10,3.1156857013702393
10,3.057389974594116
10,3.0426599979400635
10,3.142263889312744
10,3.0584027767181396
10,3.0956029891967773
10,3.1667287349700928
10,3.0357789993286133
10,3.057537078857422
10,3.030864953994751
10,3.0733718872070312
10,3.0208606719970703
10,3.0779199600219727
10,3.119842052459717
10,3.0027623176574707
10,2.9077401161193848
10,3.0513525009155273
10,3.0755248069763184
10,3.0021989345550537
10,3.036076307296753
10,3.056755542755127
10,2.9768667221069336
10,3.078463554382324
10,3.0524837970733643
10,3.1653170585632324
10,3.0239007472991943
10,3.0017614364624023
10,3.0480237007141113
10,3.104128837585449
10,3.048743486404419
10,3.0413222312927246
10,3.0518038272857666
10,3.098961353302002
10,3.119960069656372
10,2.9769399166107178
10,3.222233533859253
10,3.0464019775390625
10,3.1766858100891113
10,3.0039689540863037
10,3.1500134468078613
10,2.9878342151641846
10,3.07393479347229
10,3.0420873165130615
10,2.9640607833862305
10,3.066033363342285
10,2.983185052871704
10,3.115557909011841
10,3.155486583709717
10,3.0192325115203857
10,3.033615827560425
10,3.136796236038208
10,3.0025064945220947
10,3.1635987758636475
10,3.1069226264953613
10,3.1000781059265137
10,2.954230546951294
10,3.0204267501831055
10,3.0374763011932373
10,3.0705885887145996
10,3.012620687484741
10,3.1277568340301514
10,3.0083069801330566
10,2.972108840942383
10,3.060286521911621
10,3.127309560775757
10,3.026731252670288
10,3.060960054397583
10,2.9588124752044678
10,3.0357141494750977
10,2.9947381019592285
10,3.0477261543273926
10,3.0140316486358643
10,3.076570987701416
10,2.9674713611602783
10,3.0196971893310547
10,2.9886648654937744
10,3.106095790863037
10,3.0631444454193115
10,3.021493434906006
10,3.0570101737976074
10,3.0670278072357178
10,3.042367696762085
10,3.0680220127105713
10,3.0692503452301025
10,3.050928831100464
10,3.106184959411621
10,3.0852038860321045
10,3.0197932720184326
10,3.103527307510376
10,2.941955089569092
10,3.030271530151367
10,3.076594829559326
10,3.0954816341400146
10,3.0832765102386475
10,3.188758373260498
10,3.0815110206604004
10,2.9875571727752686
10,3.0166923999786377
10,3.0746231079101562
10,3.063075065612793
10,3.026872158050537
10,2.982020378112793
10,3.0954411029815674
10,3.075021743774414
10,3.054624319076538
10,3.072157859802246
10,3.0897045135498047
10,3.0574817657470703
10,3.0951058864593506
10,3.06718373298645
10,3.0834033489227295
10,3.0605828762054443
10,3.0843465328216553
10,3.0127904415130615
10,3.036738872528076
10,3.1361515522003174
10,3.091592788696289
10,3.07747483253479
10,3.049551010131836
10,3.105861186981201
10,3.107475996017456
10,3.1837754249572754
10,3.149808645248413
10,3.2000021934509277
10,3.0806150436401367
10,2.9419538974761963
10,2.9806668758392334
10,3.08664870262146
10,3.0210397243499756
10,3.128007411956787
10,3.0371131896972656
10,3.0696027278900146
10,3.064680337905884
10,3.0931568145751953
10,3.093135356903076
10,3.075360059738159
10,3.1123640537261963
10,3.0907366275787354
10,3.012967586517334
10,3.0491881370544434
10,3.078061819076538
10,3.1002626419067383
10,3.058429479598999
10,3.0453410148620605
10,3.1523549556732178
10,3.0600972175598145
10,3.1027698516845703
10,3.1198034286499023
10,3.142686367034912
10,2.9976449012756348
10,3.124065399169922
10,3.177196741104126
10,2.986758232116699
10,3.0474276542663574
10,2.947298049926758
10,3.119398593902588
10,3.007551431655884
10,3.0100362300872803
10,3.0853042602539062
10,3.0687496662139893
10,3.07100248336792
10,3.182432174682617
10,3.1108579635620117
10,3.1000614166259766
10,3.1571662425994873
10,3.030076742172241
10,3.0474154949188232
10,3.212878465652466
10,3.152496337890625
10,2.9887399673461914
10,3.0745043754577637
10,3.004060745239258
10,3.09006667137146
10,3.0779685974121094
10,3.050783395767212
10,3.0317673683166504
10,3.060331344604492
10,3.048809289932251
10,2.9912922382354736
10,3.109292507171631
10,3.064917802810669
10,3.0382745265960693
10,3.048551559448242
10,3.050767183303833
10,3.1681699752807617
10,3.026317596435547
10,3.104649066925049
10,3.0250511169433594
10,3.0545785427093506
10,3.2002665996551514
10,3.131739377975464
10,3.0755131244659424
10,3.1594080924987793
10,3.121213436126709
10,3.0472655296325684
10,3.0278549194335938
10,3.0920839309692383
10,2.9585437774658203
10,3.108724355697632
10,3.0644614696502686
10,3.0549662113189697
10,3.1008501052856445
10,3.0834457874298096
10,3.0206382274627686
10,3.1511952877044678
10,3.149689197540283
10,3.0604212284088135
10,3.0934290885925293
10,3.0406413078308105
10,3.140601396560669
10,3.117338180541992
10,3.2263972759246826
10,3.0126285552978516
10,3.0501012802124023
10,3.0375609397888184
10,3.1354966163635254
10,3.0923938751220703
10,3.063596248626709
10,3.0429630279541016
10,3.230431079864502
10,2.9934184551239014
10,3.089059591293335
10,3.0267438888549805
10,2.9709701538085938
10,3.040849208831787
10,3.160637855529785
10,3.1184022426605225
10,3.108999013900757
10,3.0522751808166504
10,3.0439155101776123
10,3.1210873126983643
10,3.105081558227539
10,3.001789093017578
10,3.085507869720459
10,3.089970588684082
10,3.1450281143188477
10,3.0086817741394043
10,3.057126760482788
10,3.1120083332061768
10,3.029632329940796
10,3.052046060562134
10,2.9978086948394775
10,3.06239652633667
10,3.009779930114746
10,3.0813097953796387
10,3.019760847091675
10,3.0914571285247803
10,3.205151319503784
10,2.973228931427002
10,3.0804171562194824
10,3.1571125984191895
10,3.107146739959717
10,3.0919058322906494
10,3.1326181888580322
10,3.0375990867614746
10,3.0853140354156494
10,3.1307899951934814
10,3.157254934310913
10,3.058056354522705
10,3.0718512535095215
10,2.9736955165863037
10,2.9294979572296143
10,2.8796658515930176
10,3.120786190032959
10,3.0835444927215576
10,3.253918409347534
10,3.0245959758758545
10,3.1159393787384033
10,3.0857059955596924
10,3.053727149963379
10,3.010388135910034
10,3.1130385398864746
10,3.0982794761657715
10,3.0241522789001465
10,3.1837968826293945
10,3.1639974117279053
10,3.1111831665039062
10,3.054109573364258
10,3.0125081539154053
10,3.0762529373168945
10,3.132112503051758
10,3.145369291305542
10,3.05063533782959
10,3.096478223800659
10,2.955265522003174
10,3.112626314163208
11,2.87319016456604
11,2.8732502460479736
11,2.8837132453918457
11,2.917208194732666
11,2.831056833267212
11,2.848958969116211
11,2.9970805644989014
11,2.8353641033172607
11,2.877793550491333
11,2.733917474746704
11,2.785046100616455
11,2.873430013656616
11,2.828974723815918
11,2.92960262298584
11,2.801607608795166
11,2.9287686347961426
11,2.891087770462036
11,2.8433847427368164
11,2.8107051849365234
11,2.876206398010254
11,2.8194994926452637
11,2.8566818237304688
11,2.7863240242004395
11,2.956324815750122
11,2.9228711128234863
11,2.8719582557678223
11,2.819312334060669
11,2.9131600856781006
11,2.7419097423553467
11,2.8529865741729736
11,2.887181520462036
11,2.7898707389831543
11,2.8707025051116943
11,2.9742143154144287
11,2.882148265838623
11,2.9652347564697266
11,2.832540273666382
11,2.855729818344116
11,2.920078992843628
11,2.965535879135132
11,2.89790678024292
11,2.842337131500244
11,2.946497917175293
11,2.8781864643096924
11,2.851121187210083
11,2.846569776535034
11,2.8595364093780518
11,2.88295841217041
11,2.9490816593170166
11,2.85432505607605
11,2.837127685546875
11,2.847592353820801
11,2.885160446166992
11,2.83575701713562
11,2.87821364402771
11,2.8717477321624756
11,2.836395502090454
11,2.8572425842285156
11,2.9597465991973877
11,2.8497161865234375
11,2.991346597671509
11,2.9173150062561035
11,2.8397529125213623
11,2.765594005584717
11,2.837559223175049
11,2.823209047317505
11,2.8667805194854736
11,2.8983569145202637
11,2.873119831085205
11,2.913179397583008
11,2.872380256652832
11,2.932316780090332
11,2.880906820297241
11,2.758897066116333
11,2.878404378890991
11,2.9844844341278076
11,2.840390205383301
11,2.90483021736145
11,2.9083268642425537
11,2.858340263366699
11,2.824350118637085
11,2.876513957977295
11,2.9547336101531982
11,2.8891916275024414
11,2.8360211849212646
11,2.8996682167053223
11,2.9624154567718506
11,2.878777027130127
11,2.8503410816192627
11,2.8533451557159424
11,2.9497017860412598
11,2.9155731201171875
11,2.8623344898223877
11,2.8955037593841553
11,2.921614170074463
11,2.901050090789795
11,3.0217700004577637
11,2.940612316131592
11,2.9097211360931396
11,2.9423117637634277
11,2.946119785308838
11,2.872715473175049
11,2.8679311275482178
11,2.89254093170166
11,2.910729169845581
11,2.917276620864868
11,2.90047287940979
11,2.930327892303467
11,3.000277280807495
11,2.9583752155303955
11,2.8911590576171875
11,2.9656991958618164
11,2.9451828002929688
11,2.964411973953247
11,2.9524755477905273
11,2.89271879196167
11,2.7874414920806885
11,2.8265819549560547
11,2.914311170578003
11,2.8935914039611816
11,2.9310553073883057
11,2.912851095199585
11,2.93908953666687
11,2.928143262863159
11,2.9567058086395264
11,2.9259579181671143
11,2.88154935836792
11,2.954080104827881
11,2.932913064956665
11,2.871931552886963
11,2.990651845932007
11,2.7970151901245117
11,2.960716724395752
11,2.8794901371002197
11,2.918837308883667
11,2.901615858078003
11,2.894240379333496
11,2.858064889907837
11,2.869506597518921
11,2.904374361038208
11,2.8982722759246826
11,2.9883763790130615
11,2.905677080154419
11,2.888664484024048
11,2.896974563598633
11,2.904191493988037
11,2.8563225269317627
11,2.907280206680298
11,2.956403970718384
11,2.8535776138305664
11,2.948021650314331
11,2.9254772663116455
11,2.800112724304199
11,2.91129732131958
11,2.8973116874694824
11,2.813516616821289
11,2.919050693511963
11,2.8457515239715576
11,2.954169750213623
11,2.918355941772461
11,2.8902688026428223
11,2.993828296661377
11,2.9637889862060547
11,2.861621618270874
11,2.8507351875305176
11,2.9932849407196045
11,2.983281373977661
11,2.964585781097412
11,2.9800784587860107
11,2.904489755630493
11,2.9489758014678955
11,2.937361717224121
11,2.8949599266052246
11,2.921316146850586
11,2.9080727100372314
11,2.9058306217193604
11,2.932112455368042
11,2.7849199771881104
11,2.926252603530884
11,2.940218448638916
11,2.888251304626465
11,2.9237403869628906
11,2.8411993980407715
11,2.952723264694214
11,2.9037094116210938
11,2.911504030227661
11,3.0015079975128174
11,2.8518707752227783
11,2.84372615814209
11,2.9762253761291504
11,2.898738145828247
11,2.9813685417175293
11,2.9724347591400146
11,2.879871368408203
11,2.924560070037842
11,2.8162083625793457
11,2.9941353797912598
11,2.849430799484253
11,2.900941848754883
11,2.895231008529663
11,2.9516730308532715
11,2.9024479389190674
11,2.9191558361053467
11,3.0061652660369873
11,2.9604835510253906
11,2.9568355083465576
11,2.9448041915893555
11,2.922236204147339
11,2.9042530059814453
11,2.9261910915374756
11,3.0038182735443115
11,2.926198720932007
11,2.915393829345703
11,2.9272046089172363
11,2.869887113571167
11,2.972905397415161
11,3.002823829650879
11,2.9273197650909424
11,2.9685254096984863
11,3.011705160140991
11,2.8131721019744873
11,2.849827766418457
11,2.8249008655548096
11,2.9427430629730225
11,2.9203991889953613
11,2.977182149887085
11,2.826166868209839
11,2.890136480331421
11,2.8649911880493164
11,2.904541492462158
11,2.876417636871338
11,2.9609711170196533
11,2.9703407287597656
11,2.978673219680786
11,2.9604878425598145
11,2.9881324768066406
11,2.9613945484161377
11,2.944936513900757
11,2.9404406547546387
11,2.945589303970337
11,2.934807300567627
11,2.8832907676696777
11,2.9476158618927
11,2.917059898376465
11,2.864670991897583
11,2.880032777786255
11,2.9069759845733643
11,2.9403135776519775
11,3.0037312507629395
11,2.9654157161712646
11,2.9172892570495605
11,2.905742883682251
11,2.93920636177063
11,2.9920504093170166
11,2.9701428413391113
11,2.991952419281006
11,2.8865599632263184
11,2.9949488639831543
11,2.9195327758789062
11,2.7709896564483643
11,2.885460138320923
11,2.982969045639038
11,2.952157974243164
11,2.9482102394104004
11,2.9568724632263184
11,2.998833656311035
11,2.8849716186523438
11,2.867640256881714
11,2.9904677867889404
11,2.879603624343872
11,2.924529552459717
11,2.8187201023101807
11,2.894192934036255
11,2.999086380004883
11,3.000332832336426
11,2.928523302078247
11,2.786036729812622
11,2.9541828632354736
11,2.949739694595337
11,2.910202980041504
11,2.9268736839294434
11,2.967257022857666
11,2.864129066467285
11,2.9411685466766357
11,2.9060513973236084
11,2.942387104034424
11,2.8760900497436523
11,3.0032811164855957
11,3.059361457824707
11,3.031114101409912
11,2.9044153690338135
11,2.93173885345459
11,2.8606343269348145
11,2.9258856773376465
11,2.9223153591156006
11,2.97748064994812
11,2.9105563163757324
11,3.0134506225585938
11,3.0037219524383545
11,2.934823751449585
11,2.9959328174591064
11,2.9716007709503174
11,2.9453890323638916
11,2.8540139198303223
11,2.9455955028533936
11,2.94979190826416
11,3.028057813644409
11,3.0510647296905518
11,2.890604257583618
11,2.962045669555664
11,2.930554151535034
11,2.821303367614746
11,2.973585844039917
11,2.9909982681274414
11,3.03011155128479
11,2.987577199935913
11,2.934767484664917
11,3.037818670272827
11,2.9466803073883057
11,3.017066240310669
11,2.9692282676696777
11,2.927692413330078
11,2.9327261447906494
11,2.8090617656707764
11,2.9277729988098145
11,2.8651862144470215
11,2.85215163230896
11,2.8381729125976562
11,2.910651445388794
11,3.0411429405212402
11,2.9369568824768066
11,2.8703393936157227
11,2.9103920459747314
11,2.899937629699707
11,2.8711225986480713
11,2.877166271209717
11,2.9186511039733887
11,2.9473769664764404
11,3.0451817512512207
11,2.9851698875427246
11,2.8715603351593018
11,2.9599390029907227
11,2.878838300704956
11,2.9762680530548096
11,2.95597243309021
11,2.8566856384277344
11,2.9610416889190674
11,2.870760917663574
11,2.9027187824249268
11,2.9705865383148193
11,2.9164206981658936
11,2.8705942630767822
11,2.9174745082855225
11,2.98193621635437
11,2.9832825660705566
11,2.925929546356201
11,2.9223031997680664
11,2.9924001693725586
11,2.9028050899505615
11,2.959305763244629
11,2.920459270477295
11,2.9405086040496826
11,3.036707878112793
11,2.96388840675354
11,2.962587356567383
11,3.053267478942871
11,2.9409713745117188
11,3.043761968612671
11,2.830643653869629
11,2.9399120807647705
11,2.9281396865844727
11,2.899235486984253
12,2.706676483154297
12,2.802365779876709
12,2.747168779373169
12,2.753981351852417
12,2.7624926567077637
12,2.7541327476501465
12,2.784472703933716
12,2.664457082748413
12,2.7893433570861816
12,2.6983871459960938
12,2.690685987472534
12,2.7554943561553955
12,2.691786766052246
12,2.7693958282470703
12,2.7653725147247314
12,2.7421650886535645
12,2.6846835613250732
12,2.7576568126678467
12,2.6887924671173096
12,2.8122100830078125
12,2.8218109607696533
12,2.691516399383545
12,2.7492024898529053
12,2.7326059341430664
12,2.76562762260437
12,2.7522754669189453
12,2.8315048217773438
12,2.724976062774658
12,2.7706832885742188
12,2.760096311569214
12,2.6531670093536377
12,2.71675443649292
12,2.735971212387085
12,2.760927200317383
12,2.7811594009399414
12,2.6956303119659424
12,2.781497001647949
12,2.663264036178589
12,2.7464611530303955
12,2.7490856647491455
12,2.7390713691711426
12,2.711894989013672
12,2.7918713092803955
12,2.7491440773010254
12,2.7536094188690186
12,2.7406227588653564
12,2.700814723968506
12,2.8451783657073975
12,2.7605907917022705
12,2.736520528793335
12,2.713440418243408
12,2.775280475616455
12,2.746750593185425
12,2.7429604530334473
12,2.7109389305114746
12,2.6444478034973145
12,2.7327334880828857
12,2.8126587867736816
12,2.616292715072632
12,2.776338577270508
12,2.8227386474609375
12,2.761669635772705
12,2.8068439960479736
12,2.7976529598236084
12,2.68955397605896
12,2.7200372219085693
12,2.73248291015625
12,2.733367681503296
12,2.8518776893615723
12,2.8332138061523438
12,2.8280224800109863
12,2.6799168586730957
12,2.825131893157959
12,2.7753045558929443
12,2.7822463512420654
12,2.680124044418335
12,2.7684803009033203
12,2.7455646991729736
12,2.7246336936950684
12,2.7885961532592773
12,2.7630562782287598
12,2.7558231353759766
12,2.670844078063965
12,2.6919703483581543
12,2.7559070587158203
12,2.710130453109741
12,2.81587290763855
12,2.7721810340881348
12,2.750079870223999
12,2.7530722618103027
12,2.807424783706665
12,2.835865020751953
12,2.792236089706421
12,2.842540979385376
12,2.7301015853881836
12,2.8241982460021973
12,2.7581160068511963
12,2.777484893798828
12,2.8186535835266113
12,2.855220079421997
12,2.7273571491241455
12,2.755211591720581
12,2.8411004543304443
12,2.825343608856201
12,2.730113983154297
12,2.7744855880737305
12,2.790526866912842
12,2.7864043712615967
12,2.7153429985046387
12,2.775425910949707
12,2.7495663166046143
12,2.8396995067596436
12,2.741206645965576
12,2.741820812225342
12,2.7985849380493164
12,2.8962531089782715
12,2.805450201034546
12,2.7935287952423096
12,2.747267723083496
12,2.861525774002075
12,2.8081603050231934
12,2.6863937377929688
12,2.8361499309539795
12,2.7608020305633545
12,2.8320305347442627
12,2.7935738563537598
12,2.7818856239318848
12,2.7786614894866943
12,2.7839362621307373
12,2.7214248180389404
12,2.786647081375122
12,2.7275846004486084
12,2.7372512817382812
12,2.703273296356201
12,2.7696352005004883
12,2.7332894802093506
12,2.77200984954834
12,2.8085169792175293
12,2.79382061958313
12,2.8318848609924316
12,2.7874250411987305
12,2.8047115802764893
12,2.8293049335479736
12,2.752117395401001
12,2.788292169570923
12,2.858164072036743
12,2.7529525756835938
12,2.769545793533325
12,2.7158520221710205
12,2.862156629562378
12,2.789118766784668
12,2.763981819152832
12,2.719174385070801
12,2.706423044204712
12,2.8119964599609375
12,2.795971632003784
12,2.7952840328216553
12,2.7368834018707275
12,2.824183702468872
12,2.7507266998291016
12,2.818080186843872
12,2.700016736984253
12,2.8496105670928955
12,2.796680450439453
12,2.7528269290924072
12,2.791668653488159
12,2.7627499103546143
12,2.8795900344848633
12,2.7758684158325195
12,2.809624671936035
12,2.744884967803955
12,2.8133420944213867
12,2.904423952102661
12,2.8116583824157715
12,2.7933168411254883
12,2.8099629878997803
12,2.8894777297973633
12,2.800950765609741
12,2.73968505859375
12,2.8386597633361816
12,2.7800567150115967
12,2.8352997303009033
12,2.804612398147583
12,2.814286708831787
12,2.86281156539917
12,2.8525516986846924
12,2.8010616302490234
12,2.7633469104766846
12,2.7740328311920166
12,2.7376980781555176
12,2.766021966934204
12,2.7307491302490234
12,2.7512612342834473
12,2.7721831798553467
12,2.700212001800537
12,2.7461323738098145
12,2.7648046016693115
12,2.726891279220581
12,2.7256221771240234
12,2.8029696941375732
12,2.8650872707366943
12,2.925398111343384
12,2.8074820041656494
12,2.7901904582977295
12,2.876723051071167
12,2.853426694869995
12,2.874812602996826
12,2.733262777328491
12,2.825965642929077
12,2.7227888107299805
12,2.8776662349700928
12,2.7781412601470947
12,2.772691249847412
12,2.965886354446411
12,2.822603940963745
12,2.9335198402404785
12,2.796999454498291
12,2.8264267444610596
12,2.83076548576355
12,2.7703471183776855
12,2.8380608558654785
12,2.8366386890411377
12,2.8357224464416504
12,2.799870491027832
12,2.8956470489501953
12,2.776456594467163
12,2.8455698490142822
12,2.7981014251708984
12,2.8226990699768066
12,2.852673053741455
12,2.779292106628418
12,2.690877914428711
12,2.7985517978668213
12,2.763658285140991
12,2.777569055557251
12,2.8405234813690186
12,2.7793140411376953
12,2.847109079360962
12,2.759822130203247
12,2.7638168334960938
12,2.8329827785491943
12,2.816293239593506
12,2.7605319023132324
12,2.8072924613952637
12,2.80344295501709
12,2.7997939586639404
12,2.702127456665039
12,2.747817277908325
12,2.804433584213257
12,2.716646194458008
12,2.799792528152466
12,2.8364150524139404
12,2.858086585998535
12,2.85028076171875
12,2.79889178276062
12,2.823881149291992
12,2.8476388454437256
12,2.7970588207244873
12,2.8264849185943604
12,2.8608055114746094
12,2.7437803745269775
12,2.840343713760376
12,2.773026943206787
12,2.799919843673706
12,2.673731803894043
12,2.6818320751190186
12,2.795121431350708
12,2.856839418411255
12,2.8211922645568848
12,2.8143422603607178
12,2.7801270484924316
12,2.8241586685180664
12,2.841426134109497
12,2.930806875228882
12,2.809988260269165
12,2.825157642364502
12,2.789841413497925
12,2.90457820892334
12,2.827888250350952
12,2.8605594635009766
12,2.809833526611328
12,2.818061590194702
12,2.7292721271514893
12,2.724255084991455
12,2.825803518295288
12,2.823086738586426
12,2.826578140258789
12,2.928978204727173
12,2.8569629192352295
12,2.688225746154785
12,2.7647438049316406
12,2.8234329223632812
12,2.7400825023651123
12,2.8674867153167725
12,2.8212902545928955
12,2.8886873722076416
12,2.7818024158477783
12,2.844111442565918
12,2.854454517364502
12,2.8800055980682373
12,2.846628189086914
12,2.7980973720550537
12,2.871638298034668
12,2.8509302139282227
12,2.843017101287842
12,2.8889567852020264
12,2.916659116744995
12,2.715501070022583
12,2.8627305030822754
12,2.7812323570251465
12,2.787456750869751
12,2.8185691833496094
12,2.8254528045654297
12,2.7775306701660156
12,2.903679370880127
12,2.8546857833862305
12,2.8085007667541504
12,2.778512716293335
12,2.8657233715057373
12,2.9014346599578857
12,2.7417330741882324
12,2.7339789867401123
12,2.8413519859313965
12,2.7945120334625244
12,2.755160331726074
12,2.80159068107605
12,2.7299485206604004
12,2.8246521949768066
12,2.8106801509857178
12,2.8564023971557617
12,2.732480049133301
12,2.7895376682281494
12,2.8508248329162598
12,2.8417017459869385
12,2.8469226360321045
12,2.799663782119751
12,2.8187615871429443
12,2.8463618755340576
12,2.7972075939178467
12,2.7514007091522217
12,2.8072991371154785
12,2.754889726638794
12,2.821380376815796
12,2.7506492137908936
12,2.900632381439209
12,2.8132197856903076
12,2.7352144718170166
12,2.7624096870422363
12,2.9715640544891357
12,2.8005270957946777
12,2.754760265350342
12,2.9082043170928955
12,2.9557933807373047
12,2.7826342582702637
12,2.8606014251708984
12,2.777848243713379
12,2.792877435684204
12,2.808811664581299
12,2.92911434173584
12,2.863476276397705
12,2.775627613067627
12,2.8120522499084473
12,2.746065378189087
12,2.8044402599334717
12,2.837486505508423
12,2.79963755607605
12,2.8469412326812744
12,2.829751968383789
12,2.9808826446533203
12,2.936598062515259
12,2.8173763751983643
12,2.9062819480895996
13,2.6964547634124756
13,2.6483356952667236
13,2.6776134967803955
13,2.5784542560577393
13,2.512066602706909
13,2.573659658432007
13,2.6621408462524414
13,2.6577610969543457
13,2.638949394226074
13,2.6272687911987305
13,2.6767046451568604
13,2.641787052154541
13,2.5617618560791016
13,2.6958506107330322
13,2.602163791656494
13,2.616424322128296
13,2.6742172241210938
13,2.6424386501312256
13,2.625530242919922
13,2.6365551948547363
13,2.5639686584472656
13,2.5580027103424072
13,2.5942554473876953
13,2.616159200668335
13,2.652113199234009
13,2.6312170028686523
13,2.6382243633270264
13,2.4966483116149902
13,2.6874032020568848
13,2.6773476600646973
13,2.6307597160339355
13,2.661303997039795
13,2.5887184143066406
13,2.628540515899658
13,2.6136014461517334
13,2.637894868850708
13,2.6438469886779785
13,2.7088255882263184
13,2.5685436725616455
13,2.717153787612915
13,2.6774096488952637
13,2.670902729034424
13,2.656033754348755
13,2.5734915733337402
13,2.6362881660461426
13,2.5504872798919678
13,2.6452581882476807
13,2.698901891708374
13,2.7259793281555176
13,2.6215403079986572
13,2.5964667797088623
13,2.7646567821502686
13,2.592583179473877
13,2.768392324447632
13,2.6650562286376953
13,2.6474695205688477
13,2.5894594192504883
13,2.6872291564941406
13,2.5598065853118896
13,2.6687369346618652
13,2.7131760120391846
13,2.6583666801452637
13,2.52415132522583
13,2.6152238845825195
13,2.6192314624786377
13,2.663522720336914
13,2.6833770275115967
13,2.6491880416870117
13,2.6439733505249023
13,2.668738603591919
13,2.6764755249023438
13,2.6962435245513916
13,2.5991744995117188
13,2.745664358139038
13,2.6257729530334473
13,2.545430898666382
13,2.659764528274536
13,2.595646381378174
13,2.5483036041259766
13,2.6718976497650146
13,2.574314594268799
13,2.6374850273132324
13,2.664313554763794
13,2.626188278198242
13,2.650519847869873
13,2.570939302444458
13,2.5761892795562744
13,2.5603084564208984
13,2.652655839920044
13,2.605959892272949
13,2.580493211746216
13,2.581372022628784
13,2.7075541019439697
13,2.6122190952301025
13,2.6195199489593506
13,2.646902084350586
13,2.7099616527557373
13,2.6553287506103516
13,2.621281862258911
13,2.7109529972076416
13,2.5697028636932373
13,2.648681163787842
13,2.6860644817352295
13,2.7169272899627686
13,2.6660964488983154
13,2.7686619758605957
13,2.6065690517425537
13,2.61491060256958
13,2.6496763229370117
13,2.6006414890289307
13,2.752643346786499
13,2.562373399734497
13,2.6939144134521484
13,2.6824588775634766
13,2.7390565872192383
13,2.646890878677368
13,2.667762041091919
13,2.610663652420044
13,2.638005018234253
13,2.6320717334747314
13,2.7038698196411133
13,2.6020312309265137
13,2.6786930561065674
13,2.8137223720550537
13,2.6975152492523193
13,2.6370351314544678
13,2.6794726848602295
13,2.641071319580078
13,2.651090383529663
13,2.72927188873291
13,2.8169429302215576
13,2.716430187225342
13,2.573667287826538
13,2.664146900177002
13,2.6778388023376465
13,2.7315337657928467
13,2.751779317855835
13,2.7338321208953857
13,2.6171371936798096
13,2.6326377391815186
13,2.6553232669830322
13,2.635472059249878
13,2.6408658027648926
13,2.606217622756958
13,2.7408108711242676
13,2.698132038116455
13,2.713848114013672
13,2.636774778366089
13,2.6315512657165527
13,2.6598072052001953
13,2.708773374557495
13,2.662398338317871
13,2.617502212524414
13,2.671607255935669
13,2.691403865814209
13,2.6272454261779785
13,2.6867425441741943
13,2.703826427459717
13,2.6961169242858887
13,2.6564440727233887
13,2.668031692504883
13,2.7397565841674805
13,2.673870325088501
13,2.699337959289551
13,2.6743574142456055
13,2.6721882820129395
13,2.708225965499878
13,2.7489681243896484
13,2.716409206390381
13,2.685842752456665
13,2.605451822280884
13,2.6799988746643066
13,2.670680522918701
13,2.6478848457336426
13,2.7255899906158447
13,2.62097430229187
13,2.7125842571258545
13,2.5985641479492188
13,2.6782352924346924
13,2.7000372409820557
13,2.631815195083618
13,2.704449415206909
13,2.740454912185669
13,2.6653778553009033
13,2.6765317916870117
13,2.692286252975464
13,2.7097764015197754
13,2.7795844078063965
13,2.67073655128479
13,2.633431911468506
13,2.6297245025634766
13,2.761105537414551
13,2.6322922706604004
13,2.5948233604431152
13,2.6774919033050537
13,2.5953502655029297
13,2.653515577316284
13,2.691286325454712
13,2.7556939125061035
13,2.796661376953125
13,2.6597437858581543
13,2.680680990219116
13,2.80796480178833
13,2.6759912967681885
13,2.660357713699341
13,2.672288656234741
13,2.656146764755249
13,2.599165439605713
13,2.761683225631714
13,2.6900742053985596
13,2.817976236343384
13,2.6703813076019287
13,2.714677333831787
13,2.684478998184204
13,2.6386466026306152
13,2.694697856903076
13,2.7290289402008057
13,2.711775779724121
13,2.7071926593780518
13,2.6932532787323
13,2.700030565261841
13,2.7603330612182617
13,2.718991994857788
13,2.7304744720458984
13,2.7415475845336914
13,2.784334897994995
13,2.6422078609466553
13,2.651092052459717
13,2.692565679550171
13,2.670806884765625
13,2.690371513366699
13,2.739253520965576
13,2.7208054065704346
13,2.68064022064209
13,2.692139148712158
13,2.8200314044952393
13,2.724022626876831
13,2.7166948318481445
13,2.6448721885681152
13,2.731411933898926
13,2.635819435119629
13,2.683166265487671
13,2.741309881210327
13,2.7335636615753174
13,2.7373099327087402
13,2.683734178543091
13,2.71622371673584
13,2.64300274848938
13,2.667670965194702
13,2.7256126403808594
13,2.7132163047790527
13,2.747556447982788
13,2.6636154651641846
13,2.613473415374756
13,2.682190418243408
13,2.6454904079437256
13,2.7486684322357178
13,2.6870155334472656
13,2.6598198413848877
13,2.7304775714874268
13,2.795196771621704
13,2.709829092025757
13,2.7395951747894287
13,2.6491308212280273
13,2.6637039184570312
13,2.6326184272766113
13,2.730876922607422
13,2.815586805343628
13,2.7244863510131836
13,2.7784085273742676
13,2.696786880493164
13,2.716143846511841
13,2.7046122550964355
13,2.6905670166015625
13,2.679422378540039
13,2.746635675430298
13,2.66949725151062
13,2.725065231323242
13,2.7201623916625977
13,2.6710174083709717
13,2.6998937129974365
13,2.702709674835205
13,2.788492202758789
13,2.6484897136688232
13,2.606104612350464
13,2.7186520099639893
13,2.704127311706543
13,2.6801726818084717
13,2.7036397457122803
13,2.665951728820801
13,2.7674572467803955
13,2.7111566066741943
13,2.7765629291534424
13,2.604811429977417
13,2.760441780090332
13,2.77900767326355
13,2.8044769763946533
13,2.6816694736480713
13,2.7459323406219482
13,2.6646652221679688
13,2.731200695037842
13,2.734161615371704
13,2.737964630126953
13,2.7099268436431885
13,2.7590768337249756
13,2.7445828914642334
13,2.6779279708862305
13,2.7082772254943848
13,2.7162179946899414
13,2.7135868072509766
13,2.755091428756714
13,2.685692548751831
13,2.728790044784546
13,2.7430052757263184
13,2.6846113204956055
13,2.725411891937256
13,2.691274642944336
13,2.766575813293457
13,2.7002484798431396
13,2.7371838092803955
13,2.7424747943878174
13,2.744962692260742
13,2.714139938354492
13,2.794039726257324
13,2.674626350402832
13,2.734760046005249
13,2.827990770339966
13,2.6631646156311035
13,2.7487547397613525
13,2.8510661125183105
13,2.756941556930542
13,2.728991985321045
13,2.602804183959961
13,2.707327127456665
13,2.7030153274536133
13,2.7346367835998535
13,2.7037034034729004
13,2.6355719566345215
13,2.7959535121917725
13,2.7429442405700684
13,2.7413833141326904
13,2.7560653686523438
13,2.7402961254119873
13,2.645216464996338
13,2.698648452758789
13,2.797419309616089
13,2.6634957790374756
13,2.775263786315918
13,2.599933624267578
13,2.6960971355438232
13,2.747436285018921
13,2.7145533561706543
13,2.6958837509155273
13,2.7396178245544434
13,2.7257649898529053
13,2.803410768508911
13,2.744231700897217
13,2.7812845706939697
13,2.624582290649414
13,2.675739049911499
13,2.7128186225891113
13,2.6418771743774414
13,2.7211337089538574
13,2.6620616912841797
13,2.659320592880249
13,2.666222095489502
13,2.657528877258301
13,2.7940354347229004
13,2.763831615447998
13,2.590776205062866
13,2.7868733406066895
13,2.7075939178466797
14,2.5371785163879395
14,2.53291392326355
14,2.5308971405029297
14,2.5488195419311523
14,2.5096423625946045
14,2.5371601581573486
14,2.564556360244751
14,2.5918376445770264
14,2.5810494422912598
14,2.5127804279327393
14,2.557884931564331
14,2.496528387069702
14,2.568650722503662
14,2.602633237838745
14,2.5111770629882812
14,2.556277275085449
14,2.491722822189331
14,2.447204351425171
14,2.4549551010131836
14,2.5012059211730957
14,2.4811527729034424
14,2.5618674755096436
14,2.5193448066711426
14,2.464489459991455
14,2.5901718139648438
14,2.4828360080718994
14,2.557400703430176
14,2.6260764598846436
14,2.5557167530059814
14,2.4932518005371094
14,2.5586140155792236
14,2.495965003967285
14,2.5792503356933594
14,2.5070011615753174
14,2.5168848037719727
14,2.4588894844055176
14,2.4551913738250732
14,2.533560037612915
14,2.5054876804351807
14,2.5833899974823
14,2.4675068855285645
14,2.516322135925293
14,2.582075595855713
14,2.591366767883301
14,2.4848666191101074
14,2.5730478763580322
14,2.529852867126465
14,2.5047712326049805
14,2.459825038909912
14,2.55521559715271
14,2.5074713230133057
14,2.42285418510437
14,2.624211549758911
14,2.5519325733184814
14,2.5143911838531494
14,2.613114595413208
14,2.566502571105957
14,2.5559017658233643
14,2.526405096054077
14,2.577739953994751
14,2.663943290710449
14,2.5114834308624268
14,2.5705678462982178
14,2.569244623184204
14,2.558368444442749
14,2.5813748836517334
14,2.514289617538452
14,2.502626419067383
14,2.6020238399505615
14,2.5645809173583984
14,2.544529438018799
14,2.4725050926208496
14,2.539577007293701
14,2.553999185562134
14,2.567012071609497
14,2.6288135051727295
14,2.602221727371216
14,2.576871156692505
14,2.541715621948242
14,2.5845370292663574
14,2.5668766498565674
14,2.5066637992858887
14,2.4963157176971436
14,2.4597787857055664
14,2.5792324542999268
14,2.618265390396118
14,2.608774185180664
14,2.548665761947632
14,2.5419938564300537
14,2.5770764350891113
14,2.6049721240997314
14,2.5749754905700684
14,2.4762074947357178
14,2.5797784328460693
14,2.525700330734253
14,2.5135319232940674
14,2.6134796142578125
14,2.581014633178711
14,2.5173637866973877
14,2.5165817737579346
14,2.570197582244873
14,2.519733428955078
14,2.5066113471984863
14,2.461172342300415
14,2.507713794708252
14,2.5379068851470947
14,2.57388973236084
14,2.5978434085845947
14,2.4534900188446045
14,2.5276541709899902
14,2.657808542251587
14,2.4758141040802
14,2.6137115955352783
14,2.524223804473877
14,2.5792768001556396
14,2.559413433074951
14,2.5844340324401855
14,2.5398006439208984
14,2.663933038711548
14,2.516315221786499
14,2.5761168003082275
14,2.508256673812866
14,2.6544711589813232
14,2.4824252128601074
14,2.551800489425659
14,2.542534351348877
14,2.557894468307495
14,2.4522016048431396
14,2.6123509407043457
14,2.589752435684204
14,2.646841049194336
14,2.646669864654541
14,2.6148037910461426
14,2.4899449348449707
14,2.655210018157959
14,2.4852919578552246
14,2.6748645305633545
14,2.642104387283325
14,2.5558736324310303
14,2.606692314147949
14,2.686863660812378
14,2.5043373107910156
14,2.5757150650024414
14,2.55500864982605
14,2.5042929649353027
14,2.5685482025146484
14,2.6416966915130615
14,2.58024525642395
14,2.652837038040161
14,2.541517972946167
14,2.5074870586395264
14,2.604543924331665
14,2.5951101779937744
14,2.6202590465545654
14,2.64906644821167
14,2.614713668823242
14,2.5881948471069336
14,2.628877878189087
14,2.5307936668395996
14,2.543351650238037
14,2.55366587638855
14,2.5391881465911865
14,2.633225202560425
14,2.5174078941345215
14,2.6306190490722656
14,2.5114450454711914
14,2.5608744621276855
14,2.536161422729492
14,2.602416515350342
14,2.6452999114990234
14,2.599332332611084
14,2.584585189819336
14,2.6093289852142334
14,2.6004559993743896
14,2.566730260848999
14,2.530433177947998
14,2.5779407024383545
14,2.5361196994781494
14,2.6183223724365234
14,2.6256844997406006
14,2.539827346801758
14,2.674137592315674
14,2.6000359058380127
14,2.604487419128418
14,2.556859254837036
14,2.5591893196105957
14,2.587857246398926
14,2.5663037300109863
14,2.6717097759246826
14,2.5618934631347656
14,2.6326568126678467
14,2.612994432449341
14,2.6456778049468994
14,2.6058099269866943
14,2.614283323287964
14,2.545288562774658
14,2.5794460773468018
14,2.577234983444214
14,2.652350902557373
14,2.5448970794677734
14,2.586388111114502
14,2.612488269805908
14,2.63069748878479
14,2.5778119564056396
14,2.558476448059082
14,2.6672821044921875
14,2.624389410018921
14,2.7187511920928955
14,2.6340811252593994
14,2.575545310974121
14,2.6421918869018555
14,2.551265239715576
14,2.5429463386535645
14,2.5915157794952393
14,2.575856924057007
14,2.583465337753296
14,2.664456605911255
14,2.579510450363159
14,2.6489744186401367
14,2.61106538772583
14,2.5707056522369385
14,2.5801124572753906
14,2.507509708404541
14,2.6372528076171875
14,2.6060924530029297
14,2.676570415496826
14,2.6101529598236084
14,2.575366735458374
14,2.6903669834136963
14,2.581357002258301
14,2.624732732772827
14,2.524651527404785
14,2.585491180419922
14,2.634631395339966
14,2.631964683532715
14,2.60892391204834
14,2.5298912525177
14,2.5168354511260986
14,2.605112075805664
14,2.5931997299194336
14,2.6099040508270264
14,2.564753293991089
14,2.654137372970581
14,2.594029426574707
14,2.543445587158203
14,2.5329036712646484
14,2.637763500213623
14,2.556856632232666
14,2.6952192783355713
14,2.5973658561706543
14,2.6146929264068604
14,2.5613198280334473
14,2.646880626678467
14,2.5985665321350098
14,2.6202375888824463
14,2.6356618404388428
14,2.5440213680267334
14,2.7215633392333984
14,2.610826015472412
14,2.6734983921051025
14,2.677539348602295
14,2.622681140899658
14,2.550947904586792
14,2.648851156234741
14,2.5249195098876953
14,2.6937572956085205
14,2.6148180961608887
14,2.5913851261138916
14,2.563321828842163
14,2.5871691703796387
14,2.5554256439208984
14,2.6520907878875732
14,2.635366678237915
14,2.5440800189971924
14,2.683497190475464
14,2.63167405128479
14,2.5012662410736084
14,2.5741422176361084
14,2.6258387565612793
14,2.5313854217529297
14,2.682636022567749
14,2.615492105484009
14,2.5676581859588623
14,2.551903009414673
14,2.6427571773529053
14,2.575348377227783
14,2.6741809844970703
14,2.567965269088745
14,2.6191134452819824
14,2.660672187805176
14,2.7222301959991455
14,2.697500228881836
14,2.590839385986328
14,2.623790979385376
14,2.597902774810791
14,2.575119972229004
14,2.5909323692321777
14,2.6241915225982666
14,2.6551895141601562
14,2.631556510925293
14,2.7109644412994385
14,2.5952298641204834
14,2.6350884437561035
14,2.6092071533203125
14,2.5752065181732178
14,2.6046838760375977
14,2.603816509246826
14,2.6922249794006348
14,2.6697537899017334
14,2.5345425605773926
14,2.719120979309082
14,2.566864013671875
14,2.6511406898498535
14,2.57727313041687
14,2.6942391395568848
14,2.581644296646118
14,2.644806146621704
14,2.7125885486602783
14,2.5976412296295166
14,2.607083559036255
14,2.7115461826324463
14,2.6531224250793457
14,2.565300464630127
14,2.6940367221832275
14,2.5797595977783203
14,2.651697874069214
14,2.5422604084014893
14,2.6453850269317627
14,2.6388602256774902
14,2.5680010318756104
14,2.550963878631592
14,2.6038568019866943
14,2.586731433868408
14,2.6712870597839355
14,2.653470993041992
14,2.599480152130127
14,2.6174376010894775
14,2.657351493835449
14,2.5699758529663086
14,2.695974111557007
14,2.7077224254608154
14,2.630122661590576
14,2.6234118938446045
14,2.471104621887207
14,2.6722285747528076
14,2.6259748935699463
14,2.5520191192626953
14,2.6211678981781006
14,2.5861716270446777
14,2.606583833694458
14,2.6666419506073
14,2.67332124710083
14,2.54424786567688
14,2.6038806438446045
14,2.6734466552734375
14,2.668872356414795
14,2.561084747314453
14,2.6095616817474365
14,2.590010643005371
14,2.6320674419403076
14,2.61557674407959
14,2.6577956676483154
14,2.612199068069458
14,2.6628921031951904
14,2.6303348541259766
14,2.7146260738372803
14,2.622865915298462
14,2.6104283332824707
14,2.6048853397369385
14,2.6002283096313477
14,2.6292152404785156
14,2.679321050643921
15,2.4166147708892822
15,2.393951892852783
15,2.43725848197937
15,2.4601216316223145
15,2.4283254146575928
15,2.3766422271728516
15,2.4779608249664307
15,2.400944948196411
15,2.380842447280884
15,2.4893128871917725
15,2.453549385070801
15,2.414992332458496
15,2.3935940265655518
15,2.5924811363220215
15,2.389960527420044
15,2.409152030944824
15,2.3739173412323
15,2.4897258281707764
15,2.4242866039276123
15,2.4498090744018555
15,2.4910361766815186
15,2.424703598022461
15,2.4459989070892334
15,2.4662208557128906
15,2.4729843139648438
15,2.4794869422912598
15,2.3674869537353516
15,2.3559348583221436
15,2.52002215385437
15,2.411510944366455
15,2.433540105819702
15,2.40350079536438
15,2.439180374145508
15,2.477269411087036
15,2.4654436111450195
15,2.475153923034668
15,2.436763286590576
15,2.44394850730896
15,2.468620538711548
15,2.3407983779907227
15,2.4682397842407227
15,2.439699172973633
15,2.5472633838653564
15,2.4088494777679443
15,2.4338974952697754
15,2.5008301734924316
15,2.5241353511810303
15,2.44991397857666
15,2.4390828609466553
15,2.401095151901245
15,2.4896979331970215
15,2.416912794113159
15,2.3966453075408936
15,2.471236228942871
15,2.5082976818084717
15,2.533285140991211
15,2.5436408519744873
15,2.4400980472564697
15,2.511125087738037
15,2.401285171508789
15,2.495302438735962
15,2.3894195556640625
15,2.3886990547180176
15,2.4276819229125977
15,2.500453233718872
15,2.454751491546631
15,2.4784300327301025
15,2.3678841590881348
15,2.437296152114868
15,2.536778688430786
15,2.4395318031311035
15,2.442720890045166
15,2.407275438308716
15,2.4759206771850586
15,2.5527186393737793
15,2.4637975692749023
15,2.5056865215301514
15,2.497641086578369
15,2.5215866565704346
15,2.3931314945220947
15,2.4574499130249023
15,2.486736297607422
15,2.448338031768799
15,2.4966156482696533
15,2.413508415222168
15,2.4131147861480713
15,2.3458831310272217
15,2.4408814907073975
15,2.5304336547851562
15,2.458137035369873
15,2.4352402687072754
15,2.504913568496704
15,2.510073184967041
15,2.4861226081848145
15,2.522554874420166
15,2.4627509117126465
15,2.480118751525879
15,2.4927310943603516
15,2.505699634552002
15,2.472569465637207
15,2.44368839263916
15,2.3534095287323
15,2.4447457790374756
15,2.474012851715088
15,2.503770589828491
15,2.451085090637207
15,2.5456323623657227
15,2.4707694053649902
15,2.5515029430389404
15,2.461570978164673
15,2.480161190032959
15,2.4341518878936768
15,2.4734129905700684
15,2.4636282920837402
15,2.4288294315338135
15,2.428114175796509
15,2.4096195697784424
15,2.451761245727539
15,2.503432273864746
15,2.468750238418579
15,2.573988676071167
15,2.4362258911132812
15,2.4997823238372803
15,2.5738892555236816
15,2.430436611175537
15,2.4872820377349854
15,2.4690349102020264
15,2.4907703399658203
15,2.5051231384277344
15,2.5175046920776367
15,2.559128999710083
15,2.4780449867248535
15,2.4467437267303467
15,2.4451839923858643
15,2.53770112991333
15,2.484227180480957
15,2.506455659866333
15,2.455008029937744
15,2.3877148628234863
15,2.534874439239502
15,2.4613897800445557
15,2.505810260772705
15,2.4347500801086426
15,2.5122406482696533
15,2.4592103958129883
15,2.4515674114227295
15,2.3791966438293457
15,2.4033288955688477
15,2.503683567047119
15,2.4853570461273193
15,2.4381492137908936
15,2.5856773853302
15,2.513530731201172
15,2.4746932983398438
15,2.5842015743255615
15,2.599698066711426
15,2.46675443649292
15,2.4751157760620117
15,2.4644775390625
15,2.514763355255127
15,2.4651830196380615
15,2.583770751953125
15,2.5057895183563232
15,2.5250136852264404
15,2.4740965366363525
15,2.4526028633117676
15,2.4665491580963135
15,2.494138479232788
15,2.5520522594451904
15,2.4676475524902344
15,2.524465560913086
15,2.608377456665039
15,2.4889326095581055
15,2.4965219497680664
15,2.3980774879455566
15,2.46146821975708
15,2.3708555698394775
15,2.5119707584381104
15,2.5606720447540283
15,2.443986654281616
15,2.5847814083099365
15,2.5325896739959717
15,2.4506125450134277
15,2.409966230392456
15,2.4694695472717285
15,2.4469025135040283
15,2.5054373741149902
15,2.4223759174346924
15,2.4467318058013916
15,2.510925054550171
15,2.492194175720215
15,2.483046054840088
15,2.5390756130218506
15,2.499732494354248
15,2.4652392864227295
15,2.4983785152435303
15,2.645770788192749
15,2.5564258098602295
15,2.564910650253296
15,2.496311902999878
15,2.462660312652588
15,2.515307903289795
15,2.442621946334839
15,2.5279712677001953
15,2.4769821166992188
15,2.5011870861053467
15,2.5627219676971436
15,2.4122018814086914
15,2.4945619106292725
15,2.5034077167510986
15,2.5557312965393066
15,2.4855217933654785
15,2.516725778579712
15,2.5698869228363037
15,2.5212626457214355
15,2.4732649326324463
15,2.526155471801758
15,2.51354718208313
15,2.450897693634033
15,2.5830581188201904
15,2.557910919189453
15,2.58068585395813
15,2.5076215267181396
15,2.5376312732696533
15,2.530468225479126
15,2.542079448699951
15,2.514082670211792
15,2.443424701690674
15,2.565296173095703
15,2.5528857707977295
15,2.5095033645629883
15,2.4658100605010986
15,2.4595677852630615
15,2.5422167778015137
15,2.5709455013275146
15,2.540954351425171
15,2.512941598892212
15,2.4772350788116455
15,2.5933940410614014
15,2.580061674118042
15,2.4600393772125244
15,2.533033847808838
15,2.556060552597046
15,2.5015981197357178
15,2.5660006999969482
15,2.538585662841797
15,2.5936217308044434
15,2.4850399494171143
15,2.5259716510772705
15,2.4897496700286865
15,2.5193347930908203
15,2.5756900310516357
15,2.5167088508605957
15,2.5329840183258057
15,2.552924394607544
15,2.543628454208374
15,2.568404197692871
15,2.550666332244873
15,2.5494983196258545
15,2.515392780303955
15,2.4828829765319824
15,2.5563793182373047
15,2.499920606613159
15,2.579134225845337
15,2.549877405166626
15,2.4651360511779785
15,2.5694875717163086
15,2.61832857131958
15,2.582498550415039
15,2.538180112838745
15,2.4508254528045654
15,2.462845802307129
15,2.5572259426116943
15,2.4930782318115234
15,2.4615707397460938
15,2.577549934387207
15,2.560575485229492
15,2.480764627456665
15,2.539773464202881
15,2.51653790473938
15,2.515397071838379
15,2.4941248893737793
15,2.563786506652832
15,2.502561092376709
15,2.5349245071411133
15,2.5129270553588867
15,2.5581538677215576
15,2.4851348400115967
15,2.513705015182495
15,2.6405577659606934
15,2.5495848655700684
15,2.530817747116089
15,2.538788080215454
15,2.4935858249664307
15,2.5380005836486816
15,2.524782419204712
15,2.496422290802002
15,2.6004903316497803
15,2.56384015083313
15,2.4686672687530518
15,2.5430665016174316
15,2.6470353603363037
15,2.576916456222534
15,2.4573910236358643
15,2.624033212661743
15,2.6130661964416504
15,2.599945306777954
15,2.4602417945861816
15,2.518153190612793
15,2.5096993446350098
15,2.5976994037628174
15,2.523968458175659
15,2.565342903137207
15,2.5999464988708496
15,2.605706214904785
15,2.646139144897461
15,2.5181210041046143
15,2.600848913192749
15,2.482944965362549
15,2.5122151374816895
15,2.5018208026885986
15,2.5153648853302
15,2.5129294395446777
15,2.5228514671325684
15,2.4293575286865234
15,2.510542154312134
15,2.47839617729187
15,2.5756936073303223
15,2.52126407623291
15,2.5160720348358154
15,2.4314515590667725
15,2.4896559715270996
15,2.6181836128234863
15,2.5849974155426025
15,2.619274377822876
15,2.5337815284729004
15,2.4838132858276367
15,2.4557085037231445
15,2.5381927490234375
15,2.565995454788208
15,2.6055030822753906
15,2.5577797889709473
15,2.583557367324829
15,2.4604127407073975
15,2.5758957862854004
15,2.520920515060425
15,2.5301990509033203
15,2.4949283599853516
15,2.6134562492370605
15,2.573199510574341
15,2.5980165004730225
15,2.513251781463623
15,2.4987940788269043
15,2.576969623565674
15,2.627840042114258
15,2.5479624271392822
15,2.520923137664795
15,2.6257293224334717
15,2.5386435985565186
15,2.5316946506500244
15,2.5391623973846436
15,2.5997002124786377
15,2.5791256427764893
15,2.482088804244995
15,2.522311210632324
15,2.5360894203186035
15,2.599491834640503
15,2.606794834136963
15,2.4915406703948975
15,2.525869607925415
15,2.5116004943847656
15,2.516227960586548
16,2.3268299102783203
16,2.396804094314575
16,2.308314323425293
16,2.439361333847046
16,2.369321346282959
16,2.4043238162994385
16,2.3691139221191406
16,2.413212776184082
16,2.3252291679382324
16,2.385668992996216
16,2.375944137573242
16,2.3650014400482178
16,2.384709119796753
16,2.425652027130127
16,2.3871328830718994
16,2.3036394119262695
16,2.4014103412628174
16,2.4335834980010986
16,2.3348548412323
16,2.3491218090057373
16,2.423321008682251
16,2.3913369178771973
16,2.4313201904296875
16,2.368835210800171
16,2.3222692012786865
16,2.3815605640411377
16,2.330296277999878
16,2.2783443927764893
16,2.372102975845337
16,2.329360246658325
16,2.40212082862854
16,2.301795244216919
16,2.324166774749756
16,2.366682767868042
16,2.3538007736206055
16,2.401707649230957
16,2.3832452297210693
16,2.377410650253296
16,2.300520896911621
16,2.3235526084899902
16,2.387951374053955
16,2.352102279663086
16,2.3641138076782227
16,2.386549949645996
16,2.356520414352417
16,2.43951153755188
16,2.3704733848571777
16,2.354574203491211
16,2.3843111991882324
16,2.420025110244751
16,2.326472043991089
16,2.312047243118286
16,2.408139705657959
16,2.3697822093963623
16,2.3309147357940674
16,2.403491258621216
16,2.3406832218170166
16,2.3434393405914307
16,2.2775533199310303
16,2.3465828895568848
16,2.4251351356506348
16,2.3192951679229736
16,2.3794803619384766
16,2.3645026683807373
16,2.38464093208313
16,2.3842661380767822
16,2.398846387863159
16,2.4973530769348145
16,2.4036355018615723
16,2.3795547485351562
16,2.4536209106445312
16,2.4566240310668945
16,2.3786072731018066
16,2.4606218338012695
16,2.3304221630096436
16,2.388951063156128
16,2.41123628616333
16,2.3060736656188965
16,2.438504457473755
16,2.322474479675293
16,2.415325403213501
16,2.36723256111145
16,2.3700106143951416
16,2.45562744140625
16,2.3749916553497314
16,2.3793959617614746
16,2.3902900218963623
16,2.3778085708618164
16,2.4694714546203613
16,2.421945095062256
16,2.411672353744507
16,2.3514487743377686
16,2.379248857498169
16,2.3583974838256836
16,2.3826022148132324
16,2.337580680847168
16,2.405768394470215
16,2.43916916847229
16,2.414210081100464
16,2.3776588439941406
16,2.3076279163360596
16,2.3605237007141113
16,2.4536397457122803
16,2.481572389602661
16,2.452686071395874
16,2.3665390014648438
16,2.416109561920166
16,2.4004993438720703
16,2.3459718227386475
16,2.4117848873138428
16,2.4283549785614014
16,2.4177846908569336
16,2.4606566429138184
16,2.451993942260742
16,2.372542142868042
16,2.404560089111328
16,2.3849070072174072
16,2.4373650550842285
16,2.368260622024536
16,2.3255326747894287
16,2.3834807872772217
16,2.412533760070801
16,2.3989603519439697
16,2.483720064163208
16,2.3618972301483154
16,2.4730513095855713
16,2.4089062213897705
16,2.452582836151123
16,2.4307868480682373
16,2.418841600418091
16,2.343487024307251
16,2.4492969512939453
16,2.425532102584839
16,2.3911478519439697
16,2.497926950454712
16,2.444166660308838
16,2.4334042072296143
16,2.3819360733032227
16,2.3395466804504395
16,2.456820011138916
16,2.4035768508911133
16,2.4177234172821045
16,2.4575273990631104
16,2.429609775543213
16,2.428179979324341
16,2.3895039558410645
16,2.4380202293395996
16,2.4292662143707275
16,2.3780570030212402
16,2.4325404167175293
16,2.3485240936279297
16,2.386368751525879
16,2.4512088298797607
16,2.412862539291382
16,2.3291571140289307
16,2.4467790126800537
16,2.374182939529419
16,2.431854486465454
16,2.3872406482696533
16,2.4486215114593506
16,2.4071638584136963
16,2.3418829441070557
16,2.3868446350097656
16,2.3618133068084717
16,2.4630210399627686
16,2.4151017665863037
16,2.3742995262145996
16,2.4995644092559814
16,2.393054962158203
16,2.4130711555480957
16,2.4604358673095703
16,2.3979573249816895
16,2.4778590202331543
16,2.4569156169891357
16,2.3262882232666016
16,2.352186679840088
16,2.405783176422119
16,2.46578049659729
16,2.4320783615112305
16,2.502946138381958
16,2.4448487758636475
16,2.3418240547180176
16,2.439206838607788
16,2.3934264183044434
16,2.519747018814087
16,2.4802324771881104
16,2.4215357303619385
16,2.38901686668396
16,2.4609031677246094
16,2.493391275405884
16,2.4015281200408936
16,2.298492431640625
16,2.3465983867645264
16,2.3654396533966064
16,2.429069757461548
16,2.3943305015563965
16,2.4343533515930176
16,2.5128679275512695
16,2.350233793258667
16,2.47745418548584
16,2.415532350540161
16,2.4025471210479736
16,2.4636378288269043
16,2.3674142360687256
16,2.375209331512451
16,2.502290964126587
16,2.4560012817382812
16,2.454608201980591
16,2.4926538467407227
16,2.430584669113159
16,2.4362547397613525
16,2.368150472640991
16,2.480940580368042
16,2.385777473449707
16,2.373964309692383
16,2.4198997020721436
16,2.425931692123413
16,2.3993022441864014
16,2.330838918685913
16,2.409027099609375
16,2.3373501300811768
16,2.425082206726074
16,2.4316022396087646
16,2.504805088043213
16,2.509864568710327
16,2.3984575271606445
16,2.3945260047912598
16,2.4277966022491455
16,2.493360757827759
16,2.4659957885742188
16,2.4234557151794434
16,2.4204397201538086
16,2.403643846511841
16,2.3723642826080322
16,2.428959846496582
16,2.468714475631714
16,2.447160243988037
16,2.4500911235809326
16,2.3834879398345947
16,2.4280357360839844
16,2.3801159858703613
16,2.422595500946045
16,2.456887722015381
16,2.4328060150146484
16,2.5012319087982178
16,2.5021190643310547
16,2.461329221725464
16,2.396674394607544
16,2.4618430137634277
16,2.4358084201812744
16,2.508561134338379
16,2.410125494003296
16,2.453209400177002
16,2.4663679599761963
16,2.3932626247406006
16,2.507859230041504
16,2.4302616119384766
16,2.450828790664673
16,2.432703971862793
16,2.461663007736206
16,2.5430350303649902
16,2.4273948669433594
16,2.482339859008789
16,2.386469841003418
16,2.3641650676727295
16,2.493544340133667
16,2.4645237922668457
16,2.3821442127227783
16,2.4508109092712402
16,2.4523513317108154
16,2.429062843322754
16,2.4248011112213135
16,2.407951831817627
16,2.409158229827881
16,2.47997784614563
16,2.436601161956787
16,2.339256525039673
16,2.4233357906341553
16,2.442924737930298
16,2.484412431716919
16,2.368281602859497
16,2.555832624435425
16,2.481945753097534
16,2.4252119064331055
16,2.4274919033050537
16,2.4204940795898438
16,2.54154372215271
16,2.445383310317993
16,2.4371769428253174
16,2.430954694747925
16,2.4697065353393555
16,2.5328757762908936
16,2.4555177688598633
16,2.4685442447662354
16,2.3957085609436035
16,2.4549646377563477
16,2.498509407043457
16,2.4852023124694824
16,2.444624423980713
16,2.4187498092651367
16,2.4193403720855713
16,2.5148227214813232
16,2.3973376750946045
16,2.53720760345459
16,2.4275293350219727
16,2.4742205142974854
16,2.469650983810425
16,2.342841625213623
16,2.5240840911865234
16,2.5253496170043945
16,2.451219081878662
16,2.489647388458252
16,2.4300339221954346
16,2.4499473571777344
16,2.4602103233337402
16,2.5444884300231934
16,2.4316952228546143
16,2.43112850189209
16,2.471064567565918
16,2.4151854515075684
16,2.519205093383789
16,2.4004175662994385
16,2.4656567573547363
16,2.524845600128174
16,2.503467082977295
16,2.5032758712768555
16,2.4417474269866943
16,2.5140397548675537
16,2.448263645172119
16,2.4922239780426025
16,2.444437026977539
16,2.428215503692627
16,2.3688788414001465
16,2.4551331996917725
16,2.5241470336914062
16,2.537977457046509
16,2.3995883464813232
16,2.470921277999878
16,2.457756996154785
16,2.423938274383545
16,2.45070481300354
16,2.4738073348999023
16,2.520543336868286
16,2.5360524654388428
16,2.4269139766693115
16,2.4999289512634277
16,2.3704724311828613
16,2.382269859313965
16,2.5165109634399414
16,2.5271899700164795
16,2.4643990993499756
16,2.5339419841766357
16,2.4706552028656006
16,2.4384820461273193
16,2.534188985824585
16,2.479916572570801
16,2.3625478744506836
16,2.4929018020629883
16,2.473618507385254
16,2.4907565116882324
16,2.471391439437866
16,2.4859440326690674
16,2.3272600173950195
16,2.443174123764038
16,2.412111282348633
16,2.5643205642700195
16,2.4588828086853027
16,2.42771315574646
16,2.469679117202759
16,2.495502471923828
16,2.4460089206695557
16,2.4304041862487793
17,2.337564468383789
17,2.345080614089966
17,2.3299880027770996
17,2.2763493061065674
17,2.236482858657837
17,2.239323377609253
17,2.3596057891845703
17,2.3444948196411133
17,2.295316219329834
17,2.3157646656036377
17,2.342097043991089
17,2.256399393081665
17,2.320103883743286
17,2.3149476051330566
17,2.225569009780884
17,2.2916548252105713
17,2.3444621562957764
17,2.3854010105133057
17,2.3768439292907715
17,2.3541359901428223
17,2.3450093269348145
17,2.263690710067749
17,2.2756481170654297
17,2.2629401683807373
17,2.251591444015503
17,2.3129453659057617
17,2.2676711082458496
17,2.254225254058838
17,2.34085750579834
17,2.2923882007598877
17,2.349158525466919
17,2.241387128829956
17,2.2940425872802734
17,2.3535406589508057
17,2.2333791255950928
17,2.3838613033294678
17,2.280963182449341
17,2.393345594406128
17,2.3928422927856445
17,2.395371437072754
17,2.2917087078094482
17,2.3788609504699707
17,2.2656967639923096
17,2.224832057952881
17,2.3118410110473633
17,2.3133957386016846
17,2.3503873348236084
17,2.3223698139190674
17,2.274362325668335
17,2.2401602268218994
17,2.2390267848968506
17,2.330911636352539
17,2.27535343170166
17,2.2963521480560303
17,2.3088459968566895
17,2.2861781120300293
17,2.3151252269744873
17,2.2990031242370605
17,2.2931406497955322
17,2.288750171661377
17,2.3299784660339355
17,2.307652711868286
17,2.28871488571167
17,2.3420159816741943
17,2.355391502380371
17,2.2425079345703125
17,2.2280282974243164
17,2.2781527042388916
17,2.359719753265381
17,2.303666830062866
17,2.430630922317505
17,2.295078754425049
17,2.314647674560547
17,2.247299909591675
17,2.2408483028411865
17,2.3748950958251953
17,2.3205530643463135
17,2.243041753768921
17,2.2730894088745117
17,2.324706554412842
17,2.3451151847839355
17,2.3764328956604004
17,2.3276865482330322
17,2.3610875606536865
17,2.272031307220459
17,2.2989799976348877
17,2.321572780609131
17,2.3193140029907227
17,2.2774763107299805
17,2.343130350112915
17,2.282721757888794
17,2.3140177726745605
17,2.2491464614868164
17,2.3249995708465576
17,2.245512008666992
17,2.3175785541534424
17,2.3429059982299805
17,2.3824515342712402
17,2.3527774810791016
17,2.293710470199585
17,2.375830888748169
17,2.2954959869384766
17,2.386213779449463
17,2.309020757675171
17,2.3720524311065674
17,2.3283252716064453
17,2.368440628051758
17,2.3007373809814453
17,2.412747383117676
17,2.273737907409668
17,2.3681766986846924
17,2.3111958503723145
17,2.3999011516571045
17,2.4035134315490723
17,2.3547534942626953
17,2.3311607837677
17,2.325178861618042
17,2.333838701248169
17,2.346477746963501
17,2.3696823120117188
17,2.37469220161438
17,2.3126602172851562
17,2.4389047622680664
17,2.3406167030334473
17,2.340209722518921
17,2.361997604370117
17,2.34092116355896
17,2.393589735031128
17,2.2799532413482666
17,2.358553409576416
17,2.332740068435669
17,2.3631887435913086
17,2.3959243297576904
17,2.3066768646240234
17,2.380565643310547
17,2.2144570350646973
17,2.4078562259674072
17,2.3680946826934814
17,2.231754779815674
17,2.2900173664093018
17,2.3836452960968018
17,2.301609754562378
17,2.3593366146087646
17,2.40097713470459
17,2.3289313316345215
17,2.3683717250823975
17,2.28062105178833
17,2.3027617931365967
17,2.3028595447540283
17,2.424739122390747
17,2.29025936126709
17,2.272515296936035
17,2.2630982398986816
17,2.3188555240631104
17,2.3223960399627686
17,2.412461757659912
17,2.3468124866485596
17,2.3670356273651123
17,2.355473041534424
17,2.2372560501098633
17,2.383049726486206
17,2.3504791259765625
17,2.381136655807495
17,2.391420364379883
17,2.2435920238494873
17,2.328529119491577
17,2.364942789077759
17,2.3427720069885254
17,2.310981273651123
17,2.3607490062713623
17,2.3407671451568604
17,2.3037497997283936
17,2.317308187484741
17,2.3454887866973877
17,2.3460912704467773
17,2.4042255878448486
17,2.340378522872925
17,2.347820520401001
17,2.361262083053589
17,2.3336610794067383
17,2.294105052947998
17,2.421130895614624
17,2.351348638534546
17,2.3443543910980225
17,2.318744659423828
17,2.416111469268799
17,2.3372843265533447
17,2.320158004760742
17,2.3041646480560303
17,2.3965225219726562
17,2.3731088638305664
17,2.287510633468628
17,2.3974556922912598
17,2.5237679481506348
17,2.392409563064575
17,2.344558000564575
17,2.3792924880981445
17,2.3883752822875977
17,2.333961009979248
17,2.3580782413482666
17,2.3543460369110107
17,2.3680527210235596
17,2.3376336097717285
17,2.427966356277466
17,2.313908100128174
17,2.344954252243042
17,2.3606340885162354
17,2.3038744926452637
17,2.3429977893829346
17,2.3952364921569824
17,2.3119900226593018
17,2.4863440990448
17,2.343141794204712
17,2.404590368270874
17,2.354240894317627
17,2.3942439556121826
17,2.238476514816284
17,2.379913806915283
17,2.3627498149871826
17,2.435331106185913
17,2.3564555644989014
17,2.4270591735839844
17,2.3939576148986816
17,2.3606913089752197
17,2.36319899559021
17,2.3536813259124756
17,2.368260622024536
17,2.3671913146972656
17,2.3495566844940186
17,2.366476058959961
17,2.4043445587158203
17,2.442692518234253
17,2.356233596801758
17,2.337019681930542
17,2.347607374191284
17,2.4757888317108154
17,2.3714098930358887
17,2.3272392749786377
17,2.3833658695220947
17,2.3110079765319824
17,2.342512369155884
17,2.37550950050354
17,2.3697493076324463
17,2.2916738986968994
17,2.4295763969421387
17,2.298524856567383
17,2.3691329956054688
17,2.3437390327453613
17,2.373281955718994
17,2.360031843185425
17,2.348907709121704
17,2.358772039413452
17,2.5045831203460693
17,2.3821113109588623
17,2.3757662773132324
17,2.3069450855255127
17,2.4592537879943848
17,2.370417356491089
17,2.3968207836151123
17,2.3998961448669434
17,2.2826385498046875
17,2.4011964797973633
17,2.333181858062744
17,2.346770763397217
17,2.360307455062866
17,2.3548295497894287
17,2.3468332290649414
17,2.3035776615142822
17,2.4402403831481934
17,2.3695333003997803
17,2.366217851638794
17,2.3421926498413086
17,2.250060796737671
17,2.44159197807312
17,2.326115608215332
17,2.340532064437866
17,2.441898822784424
17,2.435673236846924
17,2.417023181915283
17,2.3839242458343506
17,2.272080421447754
17,2.4051034450531006
17,2.4033679962158203
17,2.3419137001037598
17,2.357816696166992
17,2.416909694671631
17,2.3883280754089355
17,2.368502140045166
17,2.368441343307495
17,2.4029767513275146
17,2.389559268951416
17,2.3472347259521484
17,2.3254740238189697
17,2.387852430343628
17,2.393381357192993
17,2.3133511543273926
17,2.424173355102539
17,2.3768310546875
17,2.393048048019409
17,2.3575682640075684
17,2.458961009979248
17,2.325981616973877
17,2.3974568843841553
17,2.362093210220337
17,2.4470415115356445
17,2.366611957550049
17,2.3900821208953857
17,2.327348470687866
17,2.4219956398010254
17,2.416405439376831
17,2.401033639907837
17,2.3813860416412354
17,2.418492317199707
17,2.4103550910949707
17,2.461716413497925
17,2.388465166091919
17,2.3865976333618164
17,2.4024415016174316
17,2.347965717315674
17,2.3483521938323975
17,2.331674814224243
17,2.414560317993164
17,2.414119243621826
17,2.3498756885528564
17,2.367011308670044
17,2.4537851810455322
17,2.3465981483459473
17,2.338599920272827
17,2.4280800819396973
17,2.345919370651245
17,2.3477671146392822
17,2.397378444671631
17,2.404921531677246
17,2.394357204437256
17,2.419757843017578
17,2.3778066635131836
17,2.391812324523926
17,2.375886917114258
17,2.4017386436462402
17,2.4178974628448486
17,2.387960910797119
17,2.3850350379943848
17,2.4974582195281982
17,2.3674564361572266
17,2.415060043334961
17,2.4474470615386963
17,2.430572271347046
17,2.423938035964966
17,2.3777410984039307
17,2.4251351356506348
17,2.3738136291503906
17,2.303083896636963
17,2.4693174362182617
17,2.3675715923309326
17,2.4229838848114014
17,2.4001896381378174
17,2.432401657104492
17,2.422816514968872
17,2.340731143951416
17,2.5117623805999756
17,2.410498857498169
17,2.366919755935669
17,2.5087389945983887
17,2.293766736984253
17,2.443974733352661
17,2.413820266723633
17,2.3266279697418213
17,2.3406636714935303
17,2.3752567768096924
17,2.368414878845215
17,2.414954900741577
17,2.410050392150879
